:020000040800F2
:1000000000000220392400081D1800081F180008ED
:100010002118000823180008251800080000000017
:10002000000000000000000000000000C1590008AE
:100030002718000800000000615A0008C55A00088F
:1000400089240008892400088924000889240008DC
:100050008924000889240008291800088924000838
:10006000892400088924000833180008892400081E
:100070003D18000889240008892400088924000804
:10008000892400088924000889240008892400089C
:100090004D1800085D180008892400086D18000834
:1000A000892400088924000889240008892400087C
:1000B0007918000889240008892400088924000888
:1000C000892400088924000889240008892400085C
:1000D000892400088918000889240008E58300089D
:1000E000892400088924000889240008892400083C
:1000F000892400088924000889240008892400082C
:10010000892400088924000889240008892400081B
:10011000892400088924000889240008892400080B
:10012000892400089918000831720008A9180008ED
:1001300089240008892400088924000889240008EB
:10014000B9180008C918000889240008D91800083F
:1001500089240008DD180008892400088924000883
:1001600089240008892400088924000889240008BB
:100170008924000889240008892400080000000060
:0801800089240008892400080D
:1001C00081F0004102E000BF83F0004330B54FEA08
:1001D00041044FEA430594EA050F08BF90EA020F75
:1001E0001FBF54EA000C55EA020C7FEA645C7FEA08
:1001F000655C00F0E2804FEA5454D4EB5555B8BF2B
:100200006D420CDD2C4480EA020281EA030382EA9B
:10021000000083EA010180EA020281EA0303362D2D
:1002200088BF30BD11F0004F4FEA01314FF4801C00
:100230004CEA113102D0404261EB410113F0004F12
:100240004FEA03334CEA133302D0524263EB4303C9
:1002500094EA050F00F0A780A4F10104D5F1200E67
:100260000DDB02FA0EFC22FA05F2801841F10001C2
:1002700003FA0EF2801843FA05F359410EE0A5F196
:1002800020050EF1200E012A03FA0EFC28BF4CF0C7
:10029000020C43FA05F3C01851EBE37101F000457D
:1002A00007D54FF0000EDCF1000C7EEB00006EEB8A
:1002B0000101B1F5801F1BD3B1F5001F0CD3490814
:1002C0005FEA30004FEA3C0C04F101044FEA44526B
:1002D00012F5800F80F09A80BCF1004F08BF5FEAF2
:1002E000500C50F1000041EB045141EA050130BDD2
:1002F0005FEA4C0C404141EB0101013C28BFB1F5E4
:10030000801FE9D291F0000F04BF01460020B1FA2E
:1003100081F308BF2033A3F10B03B3F120020CDA01
:100320000C3208DD02F1140CC2F10C0201FA0CF0DF
:1003300021FA02F10CE002F11402D8BFC2F1200C44
:1003400001FA02F120FA0CFCDCBF41EA0C019040FA
:10035000E41AA2BF01EB0451294330BD6FEA040443
:100360001F3C1CDA0C340EDC04F11404C4F120022E
:1003700020FA04F001FA02F340EA030021FA04F340
:1003800045EA030130BDC4F10C04C4F1200220FA97
:1003900002F001FA04F340EA0300294630BD21FAD5
:1003A00004F0294630BD94F0000F83F4801306BF9B
:1003B00081F480110134013D4EE77FEA645C18BF8F
:1003C0007FEA655C29D094EA050F08BF90EA020F26
:1003D00005D054EA000C04BF1946104630BD91EA1E
:1003E000030F1EBF0021002030BD5FEA545C05D121
:1003F0004000494128BF41F0004130BD14F5800460
:100400003CBF01F5801130BD01F0004545F0FE41D3
:1004100041F470014FF0000030BD7FEA645C1ABF08
:10042000194610467FEA655C1CBF0B46024650EA3F
:10043000013406BF52EA033591EA030F41F400216B
:1004400030BD00BF90F0000F04BF0021704730B5F1
:100450004FF4806404F132044FF000054FF00001C6
:1004600050E700BF90F0000F04BF0021704730B587
:100470004FF4806404F1320410F0004548BF40425C
:100480004FF000013EE700BF42004FEAE2014FEAB1
:1004900031014FEA02701FBF12F07F4393F07F4F8C
:1004A00081F06051704732F07F4208BF704793F08F
:1004B0007F4F04BF41F40021704730B54FF46074A2
:1004C00001F0004521F000411CE700BF50EA0102A5
:1004D00008BF704730B54FF000050AE050EA01024E
:1004E00008BF704730B511F0004502D5404261EBBE
:1004F00041014FF4806404F132045FEA915C3FF4FF
:10050000D8AE4FF003025FEADC0C18BF03325FEA9B
:10051000DC0C18BF033202EBDC02C2F1200300FA4C
:1005200003FC20FA02F001FA03FE40EA0E0021FA71
:1005300002F11444BDE600BF4FEA4102B2F1E043CC
:1005400024BFB3F5001CDCF1FE5C0DD901F0004CBA
:100550004FEAC0024CEA5070B2F1004F40EB83000A
:1005600008BF20F00100704711F0804F21D113F136
:100570003872BCBF01F00040704741F480114FEA6F
:100580005252C2F11802C2F1200C10FA0CF320FAF8
:1005900002F018BF40F001004FEAC1234FEAD32315
:1005A00003FA0CFC40EA0C0023FA02F34FEA43037F
:1005B000CCE77FEA625307D150EA01331EBF4FF008
:1005C000FE4040F44000704701F0004040F0FE4023
:1005D00040F40000704700BF53B94AB9002908BF72
:1005E00000281CBF4FF0FF314FF0FF3000F00CB877
:1005F000ADF1080C6DE904CE0BF02CFADDF804E047
:10060000DDE9022304B07047704700BF844641EA29
:10061000000313F003036DD1403A41D351F8043B7A
:1006200040F8043B51F8043B40F8043B51F8043BCC
:1006300040F8043B51F8043B40F8043B51F8043BBC
:1006400040F8043B51F8043B40F8043B51F8043BAC
:1006500040F8043B51F8043B40F8043B51F8043B9C
:1006600040F8043B51F8043B40F8043B51F8043B8C
:1006700040F8043B51F8043B40F8043B51F8043B7C
:1006800040F8043B51F8043B40F8043B51F8043B6C
:1006900040F8043B51F8043B40F8043B403ABDD2DB
:1006A000303211D351F8043B40F8043B51F8043B7D
:1006B00040F8043B51F8043B40F8043B51F8043B3C
:1006C00040F8043B103AEDD20C3205D351F8043B0C
:1006D00040F8043B043AF9D2043208D0D2071CBFD8
:1006E00011F8013B00F8013B01D30B880380604601
:1006F000704700BF082A13D38B078DD010F0030377
:100700008AD0C3F10403D21ADB071CBF11F8013BE6
:1007100000F8013B80D331F8023B20F8023B7BE735
:10072000043AD9D3013A11F8013B00F8013BF9D260
:100730000B7803704B7843708B78837060467047FA
:1007400030B490F800F020F007016FF0000C10F0CA
:10075000070491F820F040F048804FF000046FF05B
:100760000700D1E9002391F840F000F1080082FA77
:100770004CF2A4FA8CF283FA4CF3A2FA8CF34BBB42
:10078000D1E9022382FA4CF200F10800A4FA8CF2BB
:1007900083FA4CF3A2FA8CF3E3B9D1E9042382FA89
:1007A0004CF200F10800A4FA8CF283FA4CF3A2FA9E
:1007B0008CF37BB9D1E9062301F1200182FA4CF2D6
:1007C00000F10800A4FA8CF283FA4CF3A2FA8CF33D
:1007D000002BC6D0002A04BF04301A4612BAB2FA5F
:1007E00082F200EBD20030BC7047D1E9002304F064
:1007F0000305C4F100004FEAC50514F0040F91F899
:1008000040F00CFA05F562EA05021CBF63EA050335
:1008100062464FF00004AAE770B54FF0FF0C4CF4AD
:10082000E06C1CEA11541DBF1CEA135594EA0C0F2E
:1008300095EA0C0F00F0DEF82C4481EA030621EA69
:100840004C5123EA4C5350EA013518BF52EA0335A4
:1008500041F4801143F4801338D0A0FB02CE4FF056
:100860000005E1FB02E506F00042E0FB03E54FF086
:100870000006E1FB03569CF0000F18BF4EF0010E7E
:10088000A4F1FF04B6F5007F64F5407404D25FEA7A
:100890004E0E6D4146EB060642EAC62141EA55512D
:1008A0004FEAC52040EA5E504FEACE2EB4F1FD0C6F
:1008B00088BFBCF5E06F1ED8BEF1004F08BF5FEAED
:1008C000500E50F1000041EB045170BD06F000469F
:1008D00046EA010140EA020081EA0301B4EB5C044C
:1008E000C2BFD4EB0C0541EA045170BD41F4801144
:1008F0004FF0000E013C00F3AB8014F1360FDEBF69
:10090000002001F0004170BDC4F10004203C35DA44
:100910000C341BDC04F11404C4F1200500FA05F3C7
:1009200020FA04F001FA05F240EA020001F0004268
:1009300021F0004110EBD37021FA04F642EB0601DE
:100940005EEA430E08BF20EAD37070BDC4F10C0408
:10095000C4F1200500FA04F320FA05F001FA04F2CC
:1009600040EA020001F0004110EBD37041F10001B8
:100970005EEA430E08BF20EAD37070BDC4F12005C3
:1009800000FA05F24EEA020E20FA04F301FA05F22B
:1009900043EA020321FA04F001F0004121FA04F2D3
:1009A00020EA020000EBD3705EEA430E08BF20EAA3
:1009B000D37070BD94F0000F0FD101F000464000DD
:1009C00041EB010111F4801F08BF013CF7D041EA5F
:1009D000060195F0000F18BF704703F00046520063
:1009E00043EB030313F4801F08BF013DF7D043EA34
:1009F0000603704794EA0C0F0CEA135518BF95EAEA
:100A00000C0F0CD050EA410618BF52EA4306D1D170
:100A100081EA030101F000414FF0000070BD50EA8F
:100A2000410606BF1046194652EA430619D094EA19
:100A30000C0F02D150EA013613D195EA0C0F05D103
:100A400052EA03361CBF104619460AD181EA030157
:100A500001F0004141F0FE4141F470014FF000000F
:100A600070BD41F0FE4141F4780170BD70B54FF0AA
:100A7000FF0C4CF4E06C1CEA11541DBF1CEA13552A
:100A800094EA0C0F95EA0C0F00F0A7F8A4EB05040C
:100A900081EA030E52EA03354FEA013100F0888003
:100AA0004FEA03334FF0805545EA131343EA1263CC
:100AB0004FEA022245EA111545EA10654FEA002681
:100AC0000EF000419D4208BF964244F1FD0404F53A
:100AD000407402D25B084FEA3202B61A65EB030596
:100AE0005B084FEA32024FF480104FF4002CB6EB53
:100AF000020E75EB030E22BFB61A754640EA0C00D3
:100B00005B084FEA3202B6EB020E75EB030E22BF12
:100B1000B61A754640EA5C005B084FEA3202B6EB53
:100B2000020E75EB030E22BFB61A754640EA9C0012
:100B30005B084FEA3202B6EB020E75EB030E22BFE2
:100B4000B61A754640EADC0055EA060E18D04FEAA0
:100B5000051545EA16754FEA06164FEAC30343EA40
:100B600052734FEAC2025FEA1C1CC0D111F4801F0D
:100B70000BD141EA00014FF000004FF0004CB6E706
:100B800011F4801F04BF01430020B4F1FD0C88BFA5
:100B9000BCF5E06F3FF6AFAEB5EB030C04BFB6EBB0
:100BA000020C5FEA500C50F1000041EB045170BDA3
:100BB0000EF0004E4EEA113114EB5C04C2BFD4EBD0
:100BC0000C0541EA045170BD41F480114FF0000E54
:100BD000013C90E645EA060E8DE60CEA135594EAD0
:100BE0000C0F08BF95EA0C0F3FF43BAF94EA0C0FD3
:100BF0000AD150EA01347FF434AF95EA0C0F7FF448
:100C000025AF104619462CE795EA0C0F06D152EA9B
:100C100003353FF4FDAE1046194622E750EA41067F
:100C200018BF52EA43067FF4C5AE50EA41047FF490
:100C30000DAF52EA43057FF4EBAE12E74FF0FF3CF5
:100C400006E000BF4FF0010C02E000BF4FF0010CC6
:100C50004DF804CD4FEA410C7FEA6C5C4FEA430C3F
:100C600018BF7FEA6C5C1BD001B050EA410C0CBF8E
:100C700052EA430C91EA030F02BF90EA020F0020F0
:100C8000704710F1000F91EA030F58BF994208BF57
:100C900090422CBFD8176FEAE37040F00100704714
:100CA0004FEA410C7FEA6C5C02D150EA013C07D16B
:100CB0004FEA430C7FEA6C5CD6D152EA033CD3D0B6
:100CC0005DF8040B704700BF8446104662468C46B0
:100CD0001946634600E000BF01B5FFF7B7FF0028E3
:100CE00048BF10F1000F01BD4DF808EDFFF7F4FF0C
:100CF0000CBF012000205DF808FB00BF4DF808ED97
:100D0000FFF7EAFF34BF012000205DF808FB00BFB9
:100D10004DF808EDFFF7E0FF94BF012000205DF8DB
:100D200008FB00BF4DF808EDFFF7CEFF94BF012090
:100D300000205DF808FB00BF4DF808EDFFF7C4FF89
:100D400034BF012000205DF808FB00BF4FEA410CD2
:100D50007FEA6C5C02D150EA013C0AD14FEA430CB5
:100D60007FEA6C5C02D152EA033C02D14FF00000F2
:100D700070474FF0010070470348044B834202D094
:100D8000034B03B11847704748070020480700206D
:100D9000000000000548064B1B1AD90F01EBA30108
:100DA000491002D0034B03B1184770474807002091
:100DB000480700200000000010B5064C237843B916
:100DC000FFF7DAFF044B13B10448AFF300800123AF
:100DD000237010BD480700200000000060CA000812
:100DE00008B5054B1BB105490548AFF30080BDE8C8
:100DF0000840FFF7CFBF00BF000000004C070020F5
:100E000060CA000800B585B00023009301930293E7
:100E100003931548154A02604FF400324260836024
:100E20000361037680F82030C362114A8262C36096
:100E30000122C26180F83030426101F0EDFB68B9F7
:100E4000102300930123019300230293694606486F
:100E500001F010FD28B905B05DF804FB00F0EDFAD3
:100E6000EEE700F0EAFAF6E7640700200020014010
:100E70000100000F0268094B9A4200D0704782B00F
:100E800000230193064B5A6C42F480725A645B6CE7
:100E900003F480730193019B02B07047002001406E
:100EA0000038024008B50E480E4B03600323436030
:100EB00000238360C3604FF4102202614FF40012DC
:100EC00042610376012242768376C27603774377C6
:100ED00001F09AFD00B908BD00F0AFFAFBE700BFD2
:100EE000D80700200064004008B50E480E4B036090
:100EF0000323436000238360C3604FF41022026128
:100F00004FF4001242610376012242768376C27664
:100F10000377437701F078FD00B908BD00F08DFA42
:100F2000FBE700BFB00700200068004010B58AB0A2
:100F30000023059306930793089309930368474A90
:100F4000934204D0464A93423ED00AB010BD454A6F
:100F5000136801331360012B29D000240194424B04
:100F60001A6B42F008021A631B6B03F0080301932B
:100F7000019B032305930222069201220792089304
:100F80000923099305A9394802F0FAFC22460521F4
:100F9000142002F0D7F8142002F0E4F822460521CC
:100FA000152002F0CFF8152002F0DCF8CDE7002381
:100FB00000932D4B1A6C42F000721A641B6C03F004
:100FC00000730093009BC8E700230293264B1A6C22
:100FD00042F080621A641B6C03F080630293029BF0
:100FE000204A136801331360012B2AD00024049493
:100FF0001D4B1A6B42F002021A631B6B03F00203D3
:101000000493049B60230593022306930123079313
:10101000032308930923099305A9154802F0B0FC9E
:1010200022460521402002F08DF8402002F09AF877
:1010300022460521412002F085F8412002F092F875
:1010400083E700230393084B1A6C42F000721A6482
:101050001B6C03F000730393039BC7E7006400401D
:1010600000680040AC07002000380240000C02403D
:101070000004024008B50548054B036002F080F803
:1010800000B908BD00F0D9F9FBE700BF0008002057
:10109000003002400268094B9A4200D0704782B08B
:1010A00000230193064B1A6B42F480521A631B6BA8
:1010B00003F480530193019B02B07047003002405B
:1010C0000038024010B582B0002400941E4B1A6B09
:1010D00042F480021A631A6B02F480020092009AB2
:1010E00001941A6B42F400121A631B6B03F4001391
:1010F0000193019B224605210C2002F023F80C20CD
:1011000002F030F822460521392002F01BF8392080
:1011100002F028F8224605213A2002F013F83A207E
:1011200002F020F8224605213B2002F00BF83B207C
:1011300002F018F822460521452002F003F8452068
:1011400002F010F802B010BD0038024008B50120CE
:1011500004F08FFBFBE70000034B0360034B0B60C5
:1011600080231360704700BF100A00200C08002085
:1011700010B5A4B000224FF48071052004F0FAFEEF
:101180002E4B18602E4C0DF1740CA646BEE80F00D5
:10119000ACE80F009EE807008CE8070000211DA8BE
:1011A00004F034FB274B18600DF1580C04F11C0EB1
:1011B000BEE80F00ACE80F009EE807008CE80700CF
:1011C000002116A804F022FB1F4B18600DF13C0C07
:1011D00004F1380EBEE80F00ACE80F009EE80700EF
:1011E0008CE8070000210FA804F010FB174B1860D3
:1011F0000DF1200C04F1540EBEE80F00ACE80F0016
:101200009EE807008CE80700002108A804F0FEFA19
:101210000F4B18600DF1040E04F1700CBCE80F00C8
:10122000AEE80F009CE807008EE80700002101A847
:1012300004F0ECFA074B186024B010BD0808002039
:1012400078CA0008980B0020940B0020900B002017
:101250008C0B0020880B00202DE9F0418EB000247B
:1012600009940A940B940C940D940094694B1A6B96
:1012700042F002021A631A6B02F002020092009A14
:1012800001941A6B42F040021A631A6B02F040029A
:101290000192019A02941A6B42F001021A631A6BCE
:1012A00002F001020292029A03941A6B42F00802C1
:1012B0001A631A6B02F008020392039A04941A6BE1
:1012C00042F004021A631A6B02F004020492049AB8
:1012D00005941A6B42F480721A631A6B02F48072DE
:1012E0000592059A06941A6B42F080021A631A6BF3
:1012F00002F080020692069A07941A6B42F02002CE
:101300001A631A6B02F020020792079A08941A6B6C
:1013100042F010021A631B6B03F010030893089B42
:10132000DFF8008101221021404602F01FFC3A4EF6
:10133000012241F20101304602F018FC22464FF42E
:101340000041304602F012FC012509950A940B95E4
:1013500009A9404602F014FB102309930A950B9546
:1013600002270C9709A9404602F00AFB3023099393
:101370004FF40418CDF828800B9509A9274802F0EE
:10138000FFFA0995CDF828800B9509A9244802F0A9
:10139000F7FA4FF4805309930A950B950C9509A918
:1013A000304602F0EDFA09950A950B950C9709A9BC
:1013B000304602F0E5FA4FF4804309930A940B9704
:1013C00009A9304602F0DCFA4FF4004309930A956C
:1013D0000B940C9409A9304602F0D2FA224605215A
:1013E000062001F0AFFE062001F0BCFE22460521DA
:1013F0000A2001F0A7FE0A2001F0B4FE22460521D2
:10140000172001F09FFE172001F0ACFE0EB0BDE8E2
:10141000F08100BF00380240000402400008024092
:10142000001802400000024008B50368B3F1804F85
:1014300000D008BD01F044F8FBE772B67047000029
:1014400000B595B03022002108A80AF06DFC0023F9
:10145000039304930593069307930193214A116C18
:1014600041F080511164126C02F080520192019A95
:1014700002931D4B1A6842F480421A601B6803F401
:1014800080430293029B012308934FF48033099316
:1014900002230E934FF480020F9206221092A8228C
:1014A000119212930723139308A802F073FB98B9C3
:1014B0000F23039302230493002305934FF4A053B7
:1014C00006934FF480530793052103A802F0B2FD61
:1014D00028B915B05DF804FBFFF7AFFFE8E7FFF7A9
:1014E000ACFFF6E7003802400070004008B500F09D
:1014F000CDFFFFF7A5FFFFF7AFFEFFF7E3FDFFF717
:10150000D1FCFFF7F1FC00F059F800F0C5FC00F049
:101510001BFD00F037FE00F053FE00F07DFC00F0F4
:10152000DDFDFFF76FFCFFF7A5FD00F01FF800F0F1
:1015300015FC00F073FD00F00BFE07F017F807F044
:1015400043F8094C0821204603F09EFC0421204664
:1015500003F09AFC06F078FC06F03AFFFFF708FE6D
:1015600004F04FF9FEE700BF680D002008B50548FC
:10157000054B036002F052FE00B908BDFFF75DFFA6
:10158000FBE700BF9C0B0020000806500268094BD7
:101590009A4200D0704782B000230193064B5A6BE9
:1015A00042F040025A635B6B03F040030193019BDE
:1015B00002B07047000806500038024008B50F48D6
:1015C0000F4B03604FF48273436000238360C3605A
:1015D00002220261012242614FF4007282613822CC
:1015E000C2610362436283620A23C36202F0C6FEE1
:1015F00000B908BDFFF721FFFBE700BF6C0C00201E
:10160000003001402DE9F04389B000230393049397
:1016100005930693079302683F4B9A4202D009B0A4
:10162000BDE8F08304460025009503F584335A6C29
:1016300042F480525A645A6C02F480520092009A2A
:1016400001951A6B42F002021A631A6B02F0020251
:101650000192019A02951A6B42F001021A631B6B08
:1016600003F001030293029B182303934FF0020936
:10167000CDF810904FF00108CDF81480032706979D
:101680000526079603A9254802F07AF980230393DB
:10169000CDF81090CDF814800697079603A920483E
:1016A00002F06EF91F48204B03604FF0C0634360A7
:1016B0008560C5604FF48063036145618561C561E4
:1016C0004FF440330362456201F0D4FDE8B9154B95
:1016D000E3649C631548164B03604FF0C06343609E
:1016E000402383600023C3604FF480620261436142
:1016F0008361C3614FF400320262436201F0BAFDBC
:1017000030B90A4BA3649C6389E7FFF796FEDEE7D6
:10171000FFF793FEF5E700BF0030014000040240F0
:10172000000002400C0C002040640240AC0B002082
:101730005864024000B583B0002200920D4B596CF2
:1017400041F480415964596C01F480410091009941
:101750000192196C41F0805119641B6C03F08053A5
:101760000193019B0F216FF0010001F0EBFC03B02E
:101770005DF804FB0038024030B589B00446002310
:101780000193224B1A6C42F001021A641B6C03F0A5
:1017900001030193019B02A903A802F021FD069B0E
:1017A000D3B902F0FDFC0346194AA2FB03239B0CAC
:1017B000013B18484FF08042026040F2E732C260BD
:1017C0004360002303618360836103F0C3F905462E
:1017D00030B1284609B030BD02F0E2FC4300E3E737
:1017E0000C4803F04DF805460028F2D11C2001F00A
:1017F000B9FC0F2C01D90125EBE7002221461C2062
:1018000001F0A0FC044B1C60E3E700BF003802407D
:1018100083DE1B43C40C002008000020FEE7FEE727
:10182000FEE7FEE7FEE7704708B5012002F0A4F9E5
:1018300008BD08B5102002F09FF908BD08B50248A0
:1018400001F0DCFD08BD00BF900F002008B5024884
:1018500001F00CFB08BD00BFD807002008B5024806
:1018600001F004FB08BD00BFD807002008B5202008
:1018700002F082F908BD000008B5024803F048F8FC
:1018800008BD00BFC40C002008B5024803F03CFEB0
:1018900008BD00BF7810002008B5024801F0AEFD79
:1018A00008BD00BF300F002008B5024801F0A6FDBA
:1018B00008BD00BFAC0B002008B5024801F0D6FA05
:1018C00008BD00BFB007002008B5024801F0CEFAFD
:1018D00008BD00BFB00700207047000008B50248EF
:1018E00001F08CFD08BD00BFD00E002002682D4B1A
:1018F0009A4200D0704710B52B490B889BB25A1CF6
:1019000092B20A80294C2178294AD15464230122B9
:101910002146284803F003FD23786A2B05D00122D5
:101920002249254803F04BFF10BD1F4A118889B298
:1019300009391F4B585C3038204908702048016035
:10194000108880B208381C5C303C1E480470148833
:10195000A4B2073C1C5D303C44701488A4B2063C21
:101960001C5D303C84701488A4B2053C1C5D303C86
:10197000C4701488A4B2043C1C5D303C047114880B
:10198000A4B2033C1C5D303C4471128892B2023A0E
:101990009B5C303B837164230122074803F0BFFC4A
:1019A000BDE700BF0010014030760020347A0020EF
:1019B00034760020F00F002078100020100D002059
:1019C0000C0D0020140D002010B503460C4A0D49E3
:1019D0000D48006840B10C4800680344521A934215
:1019E00006D8094A136010BD0748084C0460F2E7A6
:1019F0000AF02CFA0C2303604FF0FF30F3E700BF2E
:101A000000000220002000001C0D0020E07E0020CD
:101A1000034AD2F8883043F47003C2F88830704724
:101A200000ED00E000B58BB000230593069307930B
:101A3000089309930368234A934208D0224A9342A9
:101A400012D0224A93421CD00BB05DF804FB002355
:101A500001931F4B5A6C42F001025A645B6C03F015
:101A600001030193019BEFE700230293184B1A6CCB
:101A700042F002021A641B6C03F002030293029B01
:101A8000E2E700210391124B5A6C42F002025A64C1
:101A90005A6C02F002020392039A04911A6B42F00C
:101AA00004021A631B6B03F004030493049B40239A
:101AB0000593022306930323099305A9054801F022
:101AC0005FFFC1E700000140000400400004014046
:101AD000003802400008024084B00368184A93426C
:101AE00007D0184A934211D0174A93421BD004B032
:101AF000704700230193154B1A6C42F004021A64DC
:101B00001B6C03F004030193019BF0E70023029395
:101B10000E4B1A6C42F008021A641B6C03F00803A7
:101B20000293029BE3E700230393084B5A6C42F4B1
:101B300000325A645B6C03F400330393039BD6E7D3
:101B400000080040000C0040004401400038024002
:101B500030B58DB000230793089309930A930B9334
:101B600003686D4A934212D06C4A934229D06C4A62
:101B7000934248D06B4A934268D06B4A934200F03C
:101B80008F806A4A934200F0A5800DB030BD0023DB
:101B90000193674B1A6B42F010021A631B6B03F040
:101BA00010030193019B4FF40073079302220892E4
:101BB000012309930A920B9307A95E4801F0E0FE06
:101BC000E3E7002302935A4B1A6B42F004021A63B4
:101BD0001B6B03F004030293029B4FF48073079383
:101BE00002230893012209920A930B9307A95248F2
:101BF00001F0C6FE514C204602F004FE08212046AA
:101C000003F042F9C1E700230393494B1A6B42F0FA
:101C100008021A631B6B03F008030393039B4FF442
:101C200080430793022308930122099203220A9218
:101C30000B9307A9424801F0A3FE424C204602F054
:101C4000E1FD0821204603F01FF99EE700250495D9
:101C5000374B1A6B42F080021A631B6B03F0800350
:101C60000493049B4FF4E05307930223089301224B
:101C700009920A930B9307A9334801F081FE334C74
:101C8000204602F0BFFD2946204603F0FDF804215E
:101C9000204603F0F9F80821204603F0F5F874E730
:101CA00000230593224B1A6B42F480721A631B6B5C
:101CB00003F480730593059B802307930223089305
:101CC0000123099303230A930B9307A9204801F0EA
:101CD00057FE5AE700250695154B1A6B42F0200275
:101CE0001A631B6B03F020030693069B40230793A4
:101CF00002230893012209920A9303230B9307A955
:101D0000144801F03DFE144C204602F07BFD2946AC
:101D1000204603F0B9F838E7000001400004004015
:101D200000080040000C0040000401400044014055
:101D3000003802400010024000080240400E00201F
:101D4000000C0240F80D0020001C0240B00D0020E5
:101D50000020024000140240200D002010B592B077
:101D600000241094119409940A940B940C940D94EB
:101D70000E940F942022214601A809F0D5FF244893
:101D8000244B0360A7234360846044F61F63C36051
:101D900004614461846102F009FF00282BD1002313
:101DA0001093119310A91A4803F0F0F830BB602388
:101DB00009934FF47A730A9300220B920C920D92BE
:101DC0000E920F9209A9124802F054FFC8B90023DD
:101DD000019302930393049305934FF400520692E8
:101DE000089301A90A4803F017F968B90848FFF7F2
:101DF000AFFE12B010BDFFF720FBD0E7FFF71DFBD1
:101E0000D5E7FFF71AFBE2E7FFF717FBEEE700BFA6
:101E1000880E00200000014000B58BB0002308931D
:101E200009930193029303930493059306930793F5
:101E30001748184A02604360836042F2CF02C260D2
:101E40000361836102F0B2FEC8B9002308930993CD
:101E500008A90F4803F09AF8A0B960230193002362
:101E6000029303930593082201A9094802F002FF97
:101E700058B90748FFF76CFE0BB05DF804FBFFF79D
:101E8000DCFAE2E7FFF7D9FAE7E7FFF7D6FAF0E77F
:101E9000400E00200004004000B58FB000230A93DC
:101EA0000B930C930D93089309930193029303935F
:101EB00004930593069307932148224A0260A722C0
:101EC000426083604FF6FF72C2600361836102F07B
:101ED00041FE28BB4FF480530A930AA9184802F028
:101EE00044FF00BB164802F061FEF8B900230893D6
:101EF000099308A9124803F049F8D0B96023019367
:101F00000023029303930593082201A90C4802F0D1
:101F1000B1FE88B90A48FFF71BFE0FB05DF804FB5D
:101F2000FFF78BFAD6E7FFF788FADBE7FFF785FACA
:101F3000DCE7FFF782FAE1E7FFF77FFAEAE700BFA5
:101F4000F80D00200008004000B58FB000230A9370
:101F50000B930C930D9308930993019302930393AE
:101F600004930593069307932A482B4A0260436023
:101F700083604FF6FF72C2600361836102F0EAFD85
:101F8000002831D14FF480530A930AA9214802F066
:101F9000ECFE60BB1F4802F009FE58BB002308930B
:101FA000099308A91B4802F0F1FF30BB602301939D
:101FB000002202920392059201A9164802F05AFEED
:101FC000F0B904220DEB0201124802F053FED0B921
:101FD000082201A90F4802F04DFEB8B90D48FFF7DD
:101FE000B7FD0FB05DF804FBFFF727FACAE7FFF76C
:101FF00024FACFE7FFF721FAD0E7FFF71EFAD5E77B
:10200000FFF71BFADDE7FFF718FAE1E7FFF715FA2C
:10201000E4E700BFB00D0020000C004010B592B006
:1020200000241094119409940A940B940C940D9428
:102030000E940F942022214601A809F075FE254830
:10204000254B0360A7234360846040F69C73C36004
:10205000046144618023836102F0A8FD00282CD133
:1020600000231093119310A91A4802F08FFF38BB78
:10207000602309934FF47A730A9300230B930C9314
:102080000D930E930F93082209A9124802F0F2FD56
:10209000C8B90023019302930393049305934FF46B
:1020A00000520692089301A90A4802F0B5FF68B9E8
:1020B0000848FFF74DFD12B010BDFFF7BEF9CFE79E
:1020C000FFF7BBF9D4E7FFF7B8F9E2E7FFF7B5F997
:1020D000EEE700BF680D00200004014000B589B0A4
:1020E00000230193029303930493059306930793AC
:1020F0001548164A02604360836041F28732C2602D
:102100000361836102F026FDA0B90F4802F04EFD85
:1021100098B960230193002202920392059201A9CB
:10212000094802F0A7FD58B90748FFF711FD09B0AB
:102130005DF804FBFFF781F9E7E7FFF77EF9E8E7D1
:10214000FFF77BF9F0E700BF200D002000440140BD
:1021500008B50A480A4B03604FF4E133436000239B
:102160008360C36003610C2242618361C36103F039
:10217000A7F800B908BDFFF760F9FBE77810002069
:102180000010014008B50B480B4B03600B4B43603C
:1021900000238360C3604FF48062026104224261C5
:1021A0008361C36103F08CF800B908BDFFF745F9FE
:1021B000FBE700BF3410002000480040A08601006B
:1021C00008B50A480A4B03604FF4E133436000232B
:1021D0008360C36003610C2242618361C36103F0C9
:1021E0006FF800B908BDFFF728F9FBE7F00F0020F2
:1021F00000140140F0B58DB00023079308930993B4
:102200000A930B9303687E4A934209D004467D4AA1
:10221000934245D07C4A934200F089800DB0F0BDD6
:1022200000240094794B5A6C42F010025A645A6CA4
:1022300002F010020092009A01941A6B42F002021E
:102240001A631A6B02F002020192019A02941A6B4D
:1022500042F001021A631B6B03F001030293029B1D
:10226000802307930227089703260A9607250B95D4
:1022700007A9674801F084FB4FF4007307930897A0
:1022800009940A960B9507A9624801F079FB22464A
:102290000521252000F056FF252000F063FFBDE753
:1022A00000250395594B1A6C42F480221A641A6C6B
:1022B00002F480220392039A04951A6B42F00402FE
:1022C0001A631B6B03F004030493049B4FF44063F5
:1022D00007930223089303230A9307230B9307A969
:1022E0004D4801F04DFB4D484D4B03604FF00063EE
:1022F00043608560C5604FF480630361456185611B
:10230000C5614FF400330362456200F0B3FF58B972
:10231000424BA3639C6300220521272000F012FF9B
:10232000272000F01FFF79E7FFF787F8F0E7002587
:102330000595364B5A6C42F020025A645A6C02F0F2
:1023400020020592059A06951A6B42F040021A6324
:102350001B6B03F040030693069B4FF484430793E3
:102360000223089303260A9608230B9307A92D48F6
:1023700001F006FB2C482D4B03604FF020634360B7
:102380008560C5604FF48063036145618561C56107
:102390004FF400330362042343628662C56205631F
:1023A00000F068FF28BB204BA3639C632048214BAF
:1023B00003604FF020634360402383600023C360C9
:1023C0004FF48062026143618361C3614FF48032E4
:1023D0000262436200F04EFF70B9154B63639C6369
:1023E00000220521472000F0ADFE472000F0BAFE94
:1023F00014E7FFF722F8D6E7FFF71FF8EDE700BF75
:102400000010014000480040001401400038024024
:10241000000402400000024000080240900F00202B
:102420002860024000180240300F0020286402405B
:10243000D00E0020A0640240DFF834D00D480E49D1
:102440000E4A002302E0D458C4500433C4188C420E
:10245000F9D30B4A0B4C002301E013600432A24273
:10246000FBD3FFF7D5FA09F0F7FCFFF73FF8704709
:1024700000000220000000204807002020CC0008B7
:1024800048070020DC7E0020FEE7000008B50B4B6B
:102490001A6842F400721A601A6842F480621A6084
:1024A0001A6842F480721A60032000F039FE0F208F
:1024B000FFF762F9FFF73EF9002008BD003C02403B
:1024C000034A1168034B1B780B441360704700BF2D
:1024D000BC10002004000020014B1868704700BFAA
:1024E000BC1000204A4B5A6822F440325A605A68A5
:1024F00041680A435A600268536823F4807353604A
:1025000002685368016943EA012353600268536813
:1025100023F0407353600268536881680B43536033
:102520000268936823F40063936002689368C1684B
:102530000B439360826A374B9A4257D00268936884
:1025400023F07063936002689368816A0B43936021
:102550000268936823F04053936002689368C16AED
:102560000B4393600268936823F002039360026850
:102570009368017E43EA4103936090F82030002B7A
:102580003FD00268536843F40063536002685368A5
:1025900023F46043536001684B68426A013A43EA9E
:1025A00042334B600268D36A23F47003D36201683C
:1025B000CB6AC269013A43EA0253CB62026893686C
:1025C00023F4007393600268936890F8301043EA34
:1025D000412393600268936823F4806393600268E8
:1025E0009368416943EA8123936070470268936866
:1025F00023F0706393600268936823F04053936004
:10260000B0E70268536823F400635360CAE700BF71
:10261000002301400100000F38B310B50446036CDD
:1026200043B1236C13F0100F0BD00120002384F86A
:102630003C3010BDFEF71EFC0023636484F83C3080
:10264000EFE7236C23F4885323F0020343F00203E3
:1026500023642046FFF746FF00206064236C23F0CC
:10266000030343F001032364E0E701207047000007
:1026700082B00023019390F83C30012B00F0898058
:10268000012380F83C3003689A6812F0010F13D1DF
:102690009A6842F001029A60414B1B68414AA2FBD2
:1026A00003239B0C03EB4303019302E0019B013BDB
:1026B0000193019B002BF9D10268936813F0010F7D
:1026C0005CD0036C23F4E06323F0010343F48073D4
:1026D0000364536813F4806F05D0036C23F44053F4
:1026E00043F480530364036C13F4805F1BD0436C8A
:1026F00023F006034364002380F83C306FF022038C
:102700001360294B5B6813F01F0F27D10368274A1A
:10271000934211D002F58072934207D0244A93422B
:1027200014D0002033E000234364E4E702F5007294
:10273000526812F01F0FF1D19A6812F0405F2AD14F
:102740009A6842F080429A60002020E002F5807290
:10275000526812F0100FEFD0002018E00368134AFF
:10276000934201D0002012E09A6812F0405F14D129
:102770009A6842F080429A60002008E0036C43F0BF
:1027800010030364436C43F001034364002002B070
:1027900070470220FBE70020F9E70020F7E700BFC1
:1027A0000000002083DE1B43002301400020014085
:1027B0000022014070B504460D4603689A6812F481
:1027C000806F03D09B6813F4807F19D1FFF784FEDC
:1027D000064623681A6812F0020F20D1B5F1FF3FB8
:1027E000F7D0B5B923681B6813F0020FF1D1236C41
:1027F00043F004032364002384F83C30032032E0D8
:10280000036C43F020030364002380F83C30012074
:1028100029E0FFF761FE801BA842DAD9E2E76FF0FA
:1028200012021A60236C43F40073236423689A68CD
:1028300012F0405F16D1207EB0B9DA6A12F4700F40
:1028400003D09B6813F4806F0DD1236C23F4807345
:102850002364236C13F4805F05D1236C43F00103E0
:10286000236400E0002070BD0020FCE70368D86C02
:102870007047000030B482B00022019290F83C20F2
:10288000012A00F0B6800346012280F83C200A6845
:10289000092A40D90468E06892B202EB42021E3A6B
:1028A0004FF0070C0CFA02F220EA0202E2601C6808
:1028B000E0680A8802EB42021E3A8D6805FA02F2CD
:1028C0000243E2604A68062A3CD81C68606B02EB4F
:1028D0008202053A4FF01F0C0CFA02F220EA0202C3
:1028E00062631C68606B4A6802EB8202053AB1F8C9
:1028F00000C00CFA02F20243626318683E4A90423A
:1029000050D018683C4A904255D0002083F83C00D3
:1029100002B030BC70470468206992B202EB4202F8
:102920004FF0070C0CFA02F220EA020222611C6846
:1029300020690A8802EB42028D6805FA02F202431E
:102940002261BFE70C2A16D81D68286B02EB8202B1
:10295000233A1F2404FA02F220EA02022A631D68C5
:10296000286B4A6802EB8202233A0C8804FA02F2CE
:1029700002432A63C1E71D68E86A02EB8202413A1A
:102980001F2404FA02F220EA0202EA621D68E86AE1
:102990004A6802EB8202413A0C8804FA02F20243CE
:1029A000EA62AAE70A68122AABD11448426842F4E4
:1029B00080024260A5E70A68103A012AA5D80F48AC
:1029C000426842F4000242600A68102A9DD10C4A13
:1029D00012680C49A1FB0212920C02EB8202520017
:1029E000019202E0019A013A0192019A002AF9D17A
:1029F0008BE702208CE700BF00200140002301404C
:102A00000000002083DE1B43002800F0A18038B5C1
:102A1000044690F82030D3B12268136843F00103D4
:102A20001360FFF759FD054623685A6812F0010F3D
:102A300010D1FFF751FD401B0A28F5D9636A43F412
:102A400000336362052384F82030012038BDFEF78F
:102A50006DFAE1E71A6822F002021A60FFF73CFD06
:102A6000054623685A6812F0020F0DD0FFF734FDB7
:102A7000401B0A28F5D9636A43F4003363620523D7
:102A800084F820300120E1E7227E012A3DD01A6837
:102A900022F080021A60637E012B3BD0226813680B
:102AA00023F040031360A37E012B39D02268136802
:102AB00023F020031360E37E012B37D022681368D4
:102AC00043F010031360237F012B35D02268136875
:102AD00023F008031360637F012B33D0226813684F
:102AE00023F004031360A368E268134322691343CD
:102AF000626913436268013A21681343CB61002085
:102B00006062012384F82030A0E71A6842F0800256
:102B10001A60C0E72268136843F040031360C2E7FD
:102B20002268136843F020031360C4E72268136827
:102B300023F010031360C6E72268136843F008030C
:102B40001360C8E72268136843F004031360CAE700
:102B50000120704790F82030013BDBB2012B05D9F2
:102B6000436A43F4802343620120704730B5464BEB
:102B7000D3F8002242F00102C3F80022D3F8002269
:102B800022F47C52C3F80022D3F80022486A42EAB9
:102B90000022C3F800224A6902F01F02012000FA55
:102BA00002F2D3F81C026FEA020C20EA0200C3F81A
:102BB0001C02CB69C3B9344BD3F80C020CEA0000F9
:102BC000C3F80C028C884869CD6844EA0544483053
:102BD00043F830408C68088840EA04404C6904F1AE
:102BE000480E03EBCE035860CB69012B1ED08B69D6
:102BF000002B33D12448D0F804320CEA0303C0F888
:102C000004320B698BBB2048D0F814320CEA030362
:102C1000C0F814320B6A012B2ED01B4AD2F80032B6
:102C200023F00103C2F80032002030BD164BD3F868
:102C30000C021043C3F80C028C8848690D6844EA02
:102C40000544483043F8304088894C698D6840EA33
:102C50000540483403EBC4035860C8E70A48D0F87D
:102C600004321343C0F80432CBE70748D0F81432DB
:102C70001343C0F81432CDE70349D1F81C32134393
:102C8000C1F81C32C9E700BF0064004070B50446BB
:102C900090F82050EDB2012D06D0436A43F4002392
:102CA00043620125284670BD022380F82030026867
:102CB000136823F001031360FFF70EFC0646236838
:102CC0005B6813F0010F0CD0FFF706FC831B0A2B87
:102CD000F5D9636A43F400336362052384F8203036
:102CE000E0E700256562DDE790F820C00CF1FF3CCD
:102CF0005FFA8CFCBCF1010F00F2958030B451B941
:102D00000468E46814F0030F10D1436A43F400131D
:102D10004362012077E00468246914F0030F05D1B1
:102D2000436A43F40013436201206CE001F11B0489
:102D3000240105682C5904F004049460002C64D12B
:102D400001F11B04240105682C59640D146004680A
:102D500001F11B0C4FEA0C1C54F80C4004F0020467
:102D6000D46004686444646804F00F041461046867
:102D700064446468C4F30724946104686444646828
:102D8000240C5461026802EB0112D2F8B8211A70C7
:102D9000026802EB0112D2F8B821C2F307225A707E
:102DA000026802EB0112D2F8B821C2F307429A700E
:102DB000026802EB0112D2F8B821120EDA70026832
:102DC00002EB0112D2F8BC211A71026802EB011267
:102DD000D2F8BC21C2F307225A71026802EB011239
:102DE000D2F8BC21C2F307429A71026802EB0112C9
:102DF000D2F8BC21120EDA7179B90268D36843F0B7
:102E00002003D360002030BC704701F11B04240173
:102E100005682C59E408546099E70268136943F087
:102E200020031361EEE7436A43F4802343620120E9
:102E3000704790F82030013BDBB2012B05D9436A83
:102E400043F48023436201207047026853690B43B7
:102E50005361002070477047704770477047704754
:102E60007047704770477047704770472DE9F84FBB
:102E7000054603685C69D3F804809F68D3F80CB0FA
:102E8000D3F810A0D3F8189014F001063BD017F037
:102E9000010616D001229A6017F0020F08D117F030
:102EA000040F0CD117F0080606D04FF4805608E046
:102EB000FFF7D1FF002604E0FFF7D0FF01E04FF459
:102EC000006617F4807F0DD02B684FF480729A60F3
:102ED00017F4007F40F0868017F4806F00F0868042
:102EE00046F4005617F4803F0DD02B684FF4803223
:102EF0009A6017F4003F40F0838017F4802F00F0B1
:102F0000838046F4004614F0080F07D01BF0100F22
:102F100004D046F400762B681022DA6014F0040F17
:102F200002D01BF0080F79D114F0020F04D02B68E7
:102F3000DB6813F0030F78D114F0400F07D01AF0BC
:102F4000100F04D046F480662B6810221A6114F02A
:102F5000200F02D01AF0080F6BD114F0100F04D01C
:102F60002B681B6913F0030F6AD114F4003F02D0E1
:102F700018F0100F68D114F4803F02D018F0080F39
:102F800069D114F4004F7AD018F0040F74D014F4FF
:102F9000807F04D019F0010F01D046F0010614F42F
:102FA000007F04D019F0020F01D046F0020614F49D
:102FB000806F04D019F0040F01D046F0040614F419
:102FC000006F59D019F0700956D0B9F1400F65D093
:102FD00058D8B9F1200F5ED0B9F1300F42D146F088
:102FE000200644E02846FFF737FF7BE717F4006F21
:102FF00002D046F4804675E72846FFF730FF71E7B8
:103000002846FFF72AFF7EE717F4002F02D046F488
:10301000803678E72846FFF723FF74E72B680822FD
:10302000DA602846FFF71DFF7EE7284605F000F925
:1030300082E72B6808221A612846FFF713FF8CE706
:10304000284605F02BF990E72B6810225A60284695
:10305000FFF709FF8FE72B6808225A602846FFF721
:1030600003FF8EE7B9F1100F01D146F008062A6878
:10307000936923F0700393612B6804225A609EB910
:10308000BDE8F88FB9F1500F0BD0B9F1600FEED158
:1030900046F48076EBE746F01006E8E746F0400697
:1030A000E5E746F08006E2E76B6A33436B62284649
:1030B000FFF7DBFEE4E70000002808DB0901C9B2E6
:1030C00000F1604000F5614080F80013704700F0A7
:1030D0000F000901C9B2014B1954704714ED00E00B
:1030E00000B500F00700C0F1070CBCF1040F28BFC9
:1030F0004FF0040C031D062B0FD9C31E4FF0FF3EEB
:103100000EFA0CF021EA000199400EFA03FE22EAC1
:103110000E0241EA02005DF804FB0023EEE7000026
:10312000074AD36823F4E0631B041B0C000200F47D
:10313000E060034343F0BF6343F40033D360704760
:1031400000ED00E010B50446054BD868C0F302203E
:10315000FFF7C6FF01462046FFF7AEFF10BD00BFD8
:1031600000ED00E0002807DB00F01F02400901230A
:103170009340024A42F82030704700BF00E100E06F
:1031800058B110B5044643791BB101236371002087
:1031900010BD0371FDF77EFFF7E7012070470000C7
:1031A00010B40368D9B210390C4AA2FB01421209CB
:1031B0000B4CA25CC2655F2909D923F47F7323F00D
:1031C000030304338365806D5DF8044B704723F47B
:1031D0007F7323F003038365F5E700BFABAAAAAAB8
:1031E00068CB0008836A826992B9012B0AD0022B4E
:1031F00002D00BB100207047C36A13F0807F28D142
:1032000000207047C36AB3F1C07F24D0002070470C
:10321000B2F5005F09D0022B25D9032B25D1C36A53
:1032200013F0807F23D100207047032B03D8DFE801
:1032300003F01404140A00207047C36A13F0807F5F
:103240000DD100207047C36AB3F1C07F09D00020C0
:10325000704701207047012070470120704701200E
:1032600070470120704701207047002070470120FF
:103270007047000070B50446FFF72EF9002C5BD0B4
:103280000546022384F83530002384F83430226860
:10329000136823F00103136023681A6812F0010F0A
:1032A0000AD0FFF719F9431B052BF5D920236365D5
:1032B000032084F8350070BD1A6820491140626807
:1032C000A0680243E0680243206902436069024348
:1032D000A0690243E0690243206A02430A43616A2B
:1032E00004291ED01A602668756925F00705636AEF
:1032F0001D43042B07D1A36A1D43E36A1BB120467B
:10330000FFF770FF90B975612046FFF749FFE26D46
:103310003F239340836000206065012384F83530AB
:10332000C9E7E16A206B01430A43DBE74023636599
:10333000012084F83500BEE70120BCE73F8010F093
:1033400070B50446866DFFF7C7F894F83530DBB2E8
:10335000022B06D080236365002384F834300120DB
:1033600070BD05462268136823F0160313602268B7
:10337000536923F080035361236CE3B1226813681F
:1033800023F0080313602268136823F0010313601D
:1033900023681B6813F0010F11D0FFF79DF8431B42
:1033A000052BF5D920236365032084F8350000231D
:1033B00084F83430D4E7A36C002BDFD1E3E7E26D6F
:1033C0003F239340B360012384F83530002084F814
:1033D0003400C5E790F83530DBB2022B03D08023F0
:1033E000436501207047052380F835300268136873
:1033F00023F001031360002070470000F0B583B094
:10340000044600230193724B1D68724BA3FB0535E4
:10341000AD0A876D3E68C26D08239340334210D0D9
:1034200003681A6812F0040F0BD01A6822F0040225
:103430001A60C26D08239340BB60436D43F00103E3
:103440004365E26D01239340334209D022685269FB
:1034500012F0800F04D0BB60636D43F0020363651C
:10346000E26D04239340334209D02268126812F0BF
:10347000020F04D0BB60636D43F004036365E26D2B
:1034800010239340334224D02268126812F0080FB0
:103490001FD0BB6023681A6812F4802F0DD01B6800
:1034A00013F4002F04D1236C9BB12046984710E001
:1034B000A36C73B1204698470BE01A6812F4807F22
:1034C00003D11A6822F008021A60236C0BB120465F
:1034D0009847E26D20239340334255D0226812680A
:1034E00012F0100F50D0BB6094F83530DBB2052BD2
:1034F0000ED023681A6812F4802F33D01B6813F49F
:10350000002F2AD1636C002B3ED0204698473BE029
:103510002268136823F0160313602268536923F0AE
:1035200080035361236CA3B12268136823F008035E
:103530001360E26D3F239340BB60012384F8353074
:10354000002384F83430236D002B3FD02046984769
:103550003CE0A36C002BE7D1EBE7E36BA3B1204683
:10356000984711E01A6812F4807F09D11A6822F096
:1035700010021A60012384F83530002384F83430B7
:10358000E36B0BB120469847636DFBB1636D13F09D
:10359000010F17D0052384F835302268136823F013
:1035A00001031360019B01330193AB4204D82368EC
:1035B0001B6813F0010FF5D1012384F83530002387
:1035C00084F83430E36C0BB12046984703B0F0BD6B
:1035D00000000020B5814E1B10B40A490C6924F488
:1035E00040740C610C6944F440740C610C6944F043
:1035F00001040C610260BFF36F8F43605DF8044B00
:10360000704700BF003C0240074B1A6922F4407229
:103610001A611A6942F400721A611A6942F00102D1
:103620001A610160704700BF003C0240074B1A69F5
:1036300022F440721A611A6942F480721A611A699E
:1036400042F001021A610180704700BF003C024055
:10365000064B1A6922F440721A611A691A611A69D2
:1036600042F001021A610170704700BF003C024045
:10367000204BDB6813F0100F07D01F4AD36943F0CB
:103680001003D3611B4B1022DA601A4BDB6813F076
:10369000200F07D0184AD36943F00803D361154BB4
:1036A0002022DA60134BDB6813F0400F07D0124A78
:1036B000D36943F00403D3610E4B4022DA600D4B13
:1036C000DB6813F0800F07D00B4AD36943F0020385
:1036D000D361084B8022DA60064BDB6813F0020FDF
:1036E00007D0054AD36943F02003D361014B02227E
:1036F000DA607047003C0240C0100020094B1B6993
:10370000002B01DB00207047064B074A5A6002F18C
:1037100088325A601B69002B01DB002070470120B2
:10372000704700BF003C024023016745034A13690C
:1037300043F0004313610020704700BF003C02408B
:1037400038B50446144B0022DA61FEF7C5FE054683
:10375000124BDB6813F4803F0AD0B4F1FF3FF7D07F
:1037600024B1FEF7B9FE401BA042F1D903200DE0C1
:103770000A4BDB6813F0010F02D0084B0122DA601C
:10378000064BDB6813F0F20F01D1002038BDFFF7C4
:103790006FFF0120FAE700BFC0100020003C02408C
:1037A000F8B516461B4A127E012A30D004460D4653
:1037B0001F46184B01221A764CF25030FFF7C0FF1B
:1037C00090B9ACB1012C18D0022C1BD032463B462C
:1037D0002846FFF701FF4CF25030FFF7B1FF0E4AC9
:1037E000136923F0010313610A4B00221A76F8BD16
:1037F000F1B22846FFF72CFFEDE7B1B22846FFF7FC
:1038000015FFE8E731462846FFF7FEFEE3E7022012
:10381000EDE700BFC0100020003C0240074B1A69D2
:1038200022F440721A611A6942F004021A611A699C
:1038300042EA002242F480321A617047003C0240A2
:1038400001291BD002291CD009B14FF440710E4B45
:103850001A6922F440721A611A690A431A611A69D4
:1038600022F0F8021A611A6942EAC00040F0020030
:1038700018611A6942F480321A6170474FF48071FE
:10388000E5E74FF40071E2E7003C0240164B1B688D
:1038900013F4007F10D0144B1A6822F400721A60DF
:1038A0001A6842F400621A601A6822F400621A6010
:1038B0001A6842F400721A600B4B1B6813F4806F95
:1038C00010D0094B1A6822F480621A601A6842F418
:1038D00080521A601A6822F480521A601A6842F400
:1038E00080621A60704700BF003C0240F8B5224B6E
:1038F0001B7E012B3ED004460E461F4B01221A763A
:103900004CF25030FFF71CFF074670BB4FF0FF33FF
:1039100033602368012B16D0A568E368A2681344BE
:10392000AB4220D9217C2846FFF78AFF4CF2503069
:10393000FFF706FF114A136923F0FA0313610746E4
:1039400080B90135E9E76168207CFFF767FF4CF239
:103950005030FFF7F5FE0746084A136923F00403C9
:10396000136100E03560FFF791FF034B00221A76E8
:103970003846F8BD0227FBE7C0100020003C02409B
:1039800000230F2B00F2E98070B582B065E08568F6
:103990004FEA430E032404FA0EF425EA0405CC682A
:1039A00004FA0EF42C438460446824EA02044A6852
:1039B000C2F300129A40224342605CE0DC08083403
:1039C00050F8242003F00705AD004FF00F0E0EFA5B
:1039D00005FE22EA0E0E0A69AA4042EA0E0240F8EB
:1039E00024205CE0072200E0002202FA0EF22A43C3
:1039F00002345A4D45F82420594A94686FEA0C0263
:103A000024EA0C054E6816F4801F01D04CEA040528
:103A1000534CA560E46802EA04054E6816F4001FE2
:103A200001D04CEA04054E4CE560646802EA0405E6
:103A30004E6816F4003F01D04CEA0405484C65601E
:103A4000246822404D6815F4803F01D04CEA0402FE
:103A5000434C226001330F2B7DD801229A400C6821
:103A600004EA020C32EA0404F4D14C6804F00304C2
:103A7000013C012C8BD94A6802F00302032A09D0C9
:103A8000C4685D000322AA4024EA02048A68AA40AE
:103A90002243C2604A6802F00302022A8ED0046800
:103AA0004FEA430E032202FA0EF224EA02044A68A5
:103AB00002F0030202FA0EF2224302604A6812F494
:103AC000403FC7D000220192264A546C44F48044FF
:103AD0005464526C02F480420192019A9C08A51C25
:103AE0001E4A52F8255003F0030E4FEA8E0E0F22A5
:103AF00002FA0EF225EA02051B4A90423FF474AF27
:103B000002F5806290421AD002F58062904218D08D
:103B100002F58062904216D002F58062904214D085
:103B200002F58062904212D002F58062904210D07D
:103B300002F5806290423FF455AF082255E701221A
:103B400053E7022251E703224FE704224DE7052203
:103B50004BE7062249E702B070BD704700380140CC
:103B6000003C014000380240000002400AB181617F
:103B7000704709048161704708B5054B5B690342D2
:103B800000D108BD024B586103F008FBF9E700BF04
:103B9000003C0140002800F0E08170B582B004468E
:103BA000036813F0010F3BD09F4B9B6803F00C039D
:103BB000042B2CD09C4B9B6803F00C03082B21D0CA
:103BC0006368B3F5803F4FD0B3F5A02F52D0964B2A
:103BD0001A6822F480321A601A6822F480221A606D
:103BE0006368002B50D0FEF777FC05468E4B1B68B0
:103BF00013F4003F14D1FEF76FFC401B6428F5D985
:103C00000320B1E1884B5B6813F4800FD8D0864B5A
:103C10001B6813F4003F03D06368002B00F09F8102
:103C2000236813F0020F54D07F4B9B6813F00C0FE6
:103C30003ED07D4B9B6803F00C03082B33D0E36828
:103C4000002B68D0794B01221A60FEF745FC05462F
:103C5000754B1B6813F0020F54D1FEF73DFC401B5F
:103C60000228F5D903207FE16F4A136843F48033BB
:103C70001360B5E76C4B1A6842F480221A601A6828
:103C800042F480321A60ABE7FEF726FC0546664B2D
:103C90001B6813F4003FC3D0FEF71EFC401B6428D2
:103CA000F5D9032060E1604B5B6813F4800FC6D147
:103CB0005D4B1B6813F0020F03D0E368012B40F04B
:103CC0005081594A136823F0F803216943EAC1037C
:103CD0001360236813F0080F42D063696BB3534B32
:103CE0000122C3F8802EFEF7F7FB05464E4B5B6FB3
:103CF00013F0020F34D1FEF7EFFB401B0228F5D979
:103D0000032031E1484A136823F0F803216943EAAC
:103D1000C1031360DDE7454B00221A60FEF7DCFBB0
:103D20000546414B1B6813F0020FD2D0FEF7D4FBBF
:103D3000401B0228F5D9032016E13C4B0022C3F8B2
:103D4000802EFEF7C9FB0546374B5B6F13F0020F61
:103D500006D0FEF7C1FB401B0228F5D9032003E182
:103D6000236813F0040F77D02F4B1B6C13F0805F88
:103D700033D1002301932C4B1A6C42F080521A6409
:103D80001B6C03F080530193019B0125284B1B689A
:103D900013F4807F23D0A368012B34D0052B38D0B7
:103DA000214B1A6F22F001021A671A6F22F00402E7
:103DB0001A67A368002B3DD0FEF78EFB06461A4B10
:103DC0001B6F13F0020F46D1FEF786FB801B41F2FA
:103DD00088339842F3D90320C6E00025D6E7144A79
:103DE000136843F480731360FEF776FB0646104BAE
:103DF0001B6813F4807FCED1FEF76EFB801B022878
:103E0000F5D90320B0E0084A136F43F001031367AC
:103E1000CFE7054B1A6F42F004021A671A6F42F09F
:103E200001021A67C5E700BF0038024000004742A0
:103E300000700040FEF750FB0646524B1B6F13F01C
:103E4000020F08D0FEF748FB801B41F288339842EE
:103E5000F3D9032088E0EDB9A369002B00F083803B
:103E6000484A926802F00C02082A51D0022B17D05F
:103E7000454B00221A66FEF72FFB0446414B1B6898
:103E800013F0007F42D0FEF727FB001B0228F5D974
:103E9000032069E03B4A136C23F080531364DBE793
:103EA000394B00221A66FEF717FB0546354B1B6897
:103EB00013F0007F06D0FEF70FFB401B0228F5D958
:103EC000032051E0E369226A1343626A43EA8213E2
:103ED000A26A5208013A43EA0243E26A43EA0263F1
:103EE000284A5360284B01221A66FEF7F5FA044669
:103EF000244B1B6813F0007F06D1FEF7EDFA001B80
:103F00000228F5D903202FE000202DE000202BE02F
:103F1000012B2BD01B4B5B6803F48001E2699142BB
:103F200026D103F03F02216A8A4223D1616A47F613
:103F3000C0721A40B2EB811F1ED103F44031A26A55
:103F40005208013AB1EB024F18D103F07063E26AF4
:103F5000B3EB026F14D1002006E00120704701206E
:103F600002E0012000E0002002B070BD0120FBE76C
:103F70000120F9E70120F7E70120F5E70120F3E749
:103F80000120F1E7003802400000474208B5264B07
:103F90009B6803F00C03042B41D0082B41D1224B2A
:103FA0005A6802F03F025B6813F4800F12D01E4B78
:103FB0005968C1F388111D480023A1FB0001FCF7DB
:103FC0000BFB194B5B68C3F3014301335B00B0FB90
:103FD000F3F027E0144B5868C0F388104FEA401CF8
:103FE000BCEB000C6EEB0E0E4FEA8E1343EA9C63A3
:103FF0004FEA8C11B1EB0C0163EB0E03DB0043EADB
:104000005173C90011EB000C43F100039902002326
:104010004FEA8C2041EA9C51FCF7DEFAD1E70348D5
:1040200000E0034808BD00BF00380240001BB70095
:104030000024F400002800F09B8070B50D46044673
:104040004F4B1B6803F007038B4208D2CBB24C4A9C
:104050001370136803F007038B4240F08B802368D2
:1040600013F0020F17D013F0040F04D0454A9368E1
:1040700043F4E0539360236813F0080F04D0414ADF
:10408000936843F4604393603E4A936823F0F003DF
:10409000A1680B439360236813F0010F32D063686B
:1040A000012B21D09A1E012A25D9364A126812F016
:1040B000020F61D033498A6822F0030213438B60F8
:1040C000FEF70AFA06462F4B9B6803F00C03626862
:1040D000B3EB820F16D0FEF7FFF9801B41F2883355
:1040E0009842F0D9032042E0264A126812F4003FB9
:1040F000E0D101203BE0234A126812F0007FD9D1C1
:10410000012034E01E4B1B6803F00703AB4207D9C4
:10411000EAB21B4B1A701B6803F00703AB422DD1A8
:10412000236813F0040F06D0164A936823F4E05373
:10413000E1680B439360236813F0080F07D0114A1E
:10414000936823F46043216943EAC1039360FFF756
:104150001DFF0C4B9B68C3F303130B4AD35CD84081
:104160000A4B18600A4B1868FDF706FB002070BD6B
:10417000012070470120FAE70120F8E70120F6E767
:10418000003C02400038024058CB000800000020EC
:1041900008000020014B1868704700BF0000002095
:1041A00008B5FFF7F7FF044B9B68C3F38223034A6C
:1041B000D35CD84008BD00BF0038024050CB000897
:1041C00008B5FFF7E7FF044B9B68C3F34233034A8C
:1041D000D35CD84008BD00BF0038024050CB000877
:1041E0000F2303600B4B9A6802F0030242609A6847
:1041F00002F0F00282609A6802F4E052C2609B68AA
:10420000DB0803F4E0530361034B1B6803F007036F
:104210000B60704700380240003C024098B110B576
:10422000044643795BB1022363712268136843F04B
:1042300004031360012363710020A06010BD0371AB
:10424000FDF7A4F9EFE70120704700002DE9F047E2
:1042500082B00546884617461E46FEF73DF90A9B82
:104260001B1A03EB0609FEF737F98246284B1B6839
:10427000C3F3CB3309FB03F301932B689C6838EA43
:1042800004040CBF01230023BB423DD0B6F1FF3F25
:10429000F3D0FEF721F9A0EB0A00484507D2019AB6
:1042A00002B14A46019B013B01939146E5E72A682A
:1042B000536823F0E00353606B68B3F5827F0BD043
:1042C000AB6AB3F5005F14D0012385F851300023A9
:1042D00085F85030032018E0AB68B3F5004F02D0EA
:1042E000B3F5806FECD12A68136823F040031360A4
:1042F000E6E72A68136823F4005313602A681368FA
:1043000043F400531360DFE7002002B0BDE8F087FC
:104310000000002010B584B00446164B1868164BF8
:10432000A3FB0030400D4FF47A7303FB00F00390C1
:104330006368B3F5827F0BD0039BBBB1039B013B4A
:10434000039323689B6813F0800FF5D100200EE0E3
:1043500000920B46002280212046FFF777FF30B104
:10436000636D43F020036365032000E0002004B088
:1043700010BD00BF00000020819F5E1600285AD0AB
:1043800010B50446436A33B94368B3F5827F05D05C
:104390000023C36102E00023036143610023A362A1
:1043A00094F85130002B40D0022384F85130226819
:1043B000136823F040031360636803F48273A268F8
:1043C00002F404421343E26802F4006213432269D8
:1043D00002F002021343626902F001021343A26970
:1043E00002F400721343E26902F038021343226AB6
:1043F00002F080021343A26A02F4005221681343C0
:104400000B60638B03F00403626A02F01002216800
:1044100013434B602268D36923F40063D361002007
:104420006065012384F8513010BD84F85030204677
:10443000FDF7E8F8B8E7012070472DE9F04383B0B5
:104440001F460A9D90F85030012B00F01081044661
:1044500088469146012380F85030FEF73DF8064625
:1044600094F85130DBB26268012B0AD0B2F5827F3A
:1044700040F0E380A268002A40F0E980042B40F07D
:10448000E880B8F1000F00F0E680B9F1000F00F00D
:10449000E480002F00F0E38094F85130DBB2042B6D
:1044A00002D0052384F8513000236365C4F83890A6
:1044B000E787A787C4F83080E786A786236463640C
:1044C00023681A6812F0400F03D11A6842F04002C4
:1044D0001A60E368B3F5006F11D063680BB1012F68
:1044E0000BD1226B236812781A73236B0133236379
:1044F000E38E9BB2013B9BB2E38601276BE06368CE
:104500000BB1012F0BD1226B23681288DA60236B69
:1045100002332363E38E9BB2013B9BB2E386012708
:104520001CE023689A6812F0010F0ED0E28F92B25D
:104530005AB1DA68A36B1A80A36B0233A363E38FCB
:104540009BB2013B9BB2E3870127FDF7C5FF801BB0
:10455000A84203D3B5F1FF3F40F08380E38E9BB2C6
:104560001BB9E38F9BB2002B53D023689A6812F0DB
:10457000020FD6D0E28E92B2002AD2D0002FD0D035
:10458000226B1288DA60236B02332363E38E9BB2C3
:10459000013B9BB2E3860027C3E723689A6812F0C9
:1045A000010F0ED0E28F92B25AB1DA68A36B1A7083
:1045B000A36B0133A363E38F9BB2013B9BB2E38701
:1045C0000127FDF789FF831BAB4202D3B5F1FF3F03
:1045D00049D1002D49D0E38E9BB213B9E38F9BB232
:1045E000BBB123689A6812F0020FD6D0E28E92B265
:1045F000002AD2D0002FD0D0226B12781A73236BEE
:1046000001332363E38E9BB2013B9BB2E386002719
:10461000C3E7324629462046FFF77CFE48B9A36827
:1046200063B901932368DA6801929B680193019B47
:1046300004E020236365012000E00220012384F8C8
:104640005130002384F8503003B0BDE8F0830220DD
:10465000F4E70220F2E70120F0E70120EEE7012075
:10466000ECE70320EAE70320E8E70320E6E702207F
:10467000EAE7000030B4036A23F001030362036A2F
:104680004268846924F0730C0C6844EA0C0423F03B
:10469000020C8B6843EA0C03114DA84203D005F5C8
:1046A0008065A84205D123F00803CD682B4323F091
:1046B00004030B4DA84203D005F58065A84207D13D
:1046C00022F440724D6945EA020C8A6942EA0C0202
:1046D000426084614A684263036230BC704700BF35
:1046E0000000014030B4036A23F480730362036A5C
:1046F0004268C46924F0730C0C6844EA0C0523F486
:1047000000738C6843EA0423114CA04203D004F5E3
:104710008064A04206D123F40063CC6843EA0423FA
:1047200023F480630A4CA04203D004F58064A042C5
:1047300007D122F440524C6942EA04128C6942EAE1
:1047400004124260C5614A68C263036230BC7047AC
:104750000000014030B4036A23F480530362036A0B
:104760004468C26922F4E6420D6842EA052223F455
:1047700000538D6843EA0533094DA84203D005F57F
:104780008065A84204D124F480444D6944EA85142C
:104790004460C2614A680264036230BC704700BF73
:1047A0000000014010B4036A046A24F001040462AA
:1047B000846924F0F00C4CEA021223F00A030B4344
:1047C000826103625DF8044B704710B4036A23F002
:1047D000100303628469036A24F4704C4CEA0232C9
:1047E00023F0A00343EA0113826103625DF8044BE6
:1047F0007047836823F070030B4343F00703836023
:104800007047000090F83D30DBB2012B32D102231B
:1048100080F83D300368194A934220D0B3F1804FAD
:104820001DD0A2F57C42934219D002F580629342DA
:1048300015D002F58062934211D002F5784293427E
:104840000DD002F57052934209D0A2F594329342F2
:1048500005D01A6842F001021A60002070479A6879
:1048600002F00702062A07D01A6842F001021A6015
:104870000020704701207047002070470000014071
:1048800090F83D30DBB2012B37D1022380F83D3068
:104890000268D36843F00103D3600368194A934266
:1048A00020D0B3F1804F1DD0A2F57C42934219D0A5
:1048B00002F58062934215D002F58062934211D0D6
:1048C00002F5784293420DD002F57052934209D01E
:1048D000A2F59432934205D01A6842F001021A60A0
:1048E000002070479A6802F00702062A07D01A686B
:1048F00042F001021A60002070470120704700203A
:10490000704700BF00000140704770477047704714
:1049100010B5044603681A6912F0020F11D0DA6864
:1049200012F0020F0DD06FF002021A61012303771B
:1049300003689B6913F0030F70D0FFF7E6FF0023B5
:10494000237723681A6912F0040F12D0DA6812F084
:10495000040F0ED06FF004021A610223237723683C
:104960009B6913F4407F5FD02046FFF7CEFF002302
:10497000237723681A6912F0080F12D0DA6812F050
:10498000080F0ED06FF008021A6104232377236802
:10499000DB6913F0030F4ED02046FFF7B6FF00236C
:1049A000237723681A6912F0100F12D0DA6812F018
:1049B000100F0ED06FF010021A61082323772368BE
:1049C000DB6913F4407F3DD02046FFF79EFF0023B4
:1049D000237723681A6912F0010F03D0DA6812F006
:1049E000010F36D123681A6912F0800F03D0DA68FC
:1049F00012F0800F34D123681A6912F0400F03D0EF
:104A0000DA6812F0400F32D123681A6912F0200FD1
:104A100003D0DA6812F0200F30D110BDFFF774FF19
:104A20002046FFF773FF8AE72046FFF76DFF204619
:104A3000FFF76CFF9BE72046FFF766FF2046FFF776
:104A400065FFACE72046FFF75FFF2046FFF75EFFFC
:104A5000BDE76FF001021A612046FCF7E5FCC1E7F3
:104A60006FF080021A61204600F000FBC3E76FF090
:104A700040021A612046FFF74AFFC5E76FF02002A7
:104A80001A61204600F0F1FAC7E700000368304AD7
:104A9000904212D0B0F1804F0FD0A2F57C429042EC
:104AA0000BD002F58062904207D002F580629042FE
:104AB00003D002F57842904203D123F070034A6894
:104AC0001343234A90422AD0B0F1804F27D0A2F559
:104AD0007C42904223D002F5806290421FD002F5C2
:104AE000806290421BD002F57842904217D002F5C6
:104AF0007052904213D002F5806290420FD002F5BE
:104B0000806290420BD0A2F59832904207D002F515
:104B10008062904203D002F58062904203D123F478
:104B20004073CA68134323F080034A691343036048
:104B30008B68C3620B688362054B984203D003F510
:104B40008063984201D10B6903630123436170477D
:104B50000000014040B310B5044690F83D30F3B179
:104B6000022384F83D30214651F8040BFFF78EFFF5
:104B7000012384F8463084F83E3084F83F3084F8CE
:104B8000403084F8413084F8423084F8433084F86F
:104B9000443084F8453084F83D30002010BD80F862
:104BA0003C30FCF799FFDBE70120704740B310B5BC
:104BB000044690F83D30F3B1022384F83D3021469D
:104BC00051F8040BFFF762FF012384F8463084F8A4
:104BD0003E3084F83F3084F8403084F8413084F827
:104BE000423084F8433084F8443084F8453084F807
:104BF0003D30002010BD80F83C30FCF713FFDBE7B0
:104C00000120704730B4036A23F010030362036A83
:104C10004468826922F4E6420D6842EA052223F0E4
:104C200020038D6843EA0513114DA84203D005F512
:104C30008065A84206D123F08003CD6843EA0513BE
:104C400023F040030A4DA84203D005F58065A84231
:104C500007D124F440644D6944EA85048D6944EA2F
:104C60008504446082614A688263036230BC704795
:104C70000000014038B590F83C30012B66D0044666
:104C80000D46012380F83C300C2A5AD8DFE802F0A8
:104C9000075959591B5959593059595944000068F5
:104CA000FFF7E8FC2268936943F0080393612268E8
:104CB000936923F0040393612268936929690B4384
:104CC000936100203EE00068FFF79CFF2268936933
:104CD00043F4006393612268936923F480639361D2
:104CE00022689369296943EA01239361002029E03E
:104CF0000068FFF7F7FC2268D36943F00803D3612B
:104D00002268D36923F00403D3612268D369296937
:104D10000B43D361002015E00068FFF71BFD2268FC
:104D2000D36943F40063D3612268D36923F48063B9
:104D3000D3612268D369296943EA0123D361002042
:104D400000E00120002384F83C3038BD0220FCE75D
:104D500010B4846824F47F4C42EA03220A4342EAF6
:104D60000C0282605DF8044B704790F83C30012BD8
:104D700078D010B50446012380F83C30022380F837
:104D80003D300268936823F47F4323F077039360F8
:104D90000B68602B4CD029D8402B54D00CD9502B09
:104DA00022D1CA6849680068FFF7FCFC50212068DE
:104DB000FFF71FFD002005E0202B0DD009D9302B77
:104DC0000AD00120012384F83D30002384F83C30D0
:104DD00010BD0BB1102B05D119462068FFF709FD56
:104DE0000020EFE70120EDE70120EBE7B3F5805F5E
:104DF00034D0B3F5005F0CD1CB684A68896800688D
:104E0000FFF7A6FF2268936843F480439360002075
:104E1000D8E7702B24D1CB684A6889680068FFF70F
:104E200097FF2268936843F0770393600020C9E7F7
:104E3000CA6849680068FFF7C8FC60212068FFF76E
:104E4000D8FC0020BEE7CA6849680068FFF7AAFCE2
:104E500040212068FFF7CDFC0020B3E70020B1E738
:104E60000120AFE70220704701F01F014FF0010C55
:104E70000CFA01FC036A23EA0C030362036A8A400A
:104E8000134303627047000010B50446084600292A
:104E900042D194F83E30DBB2013B18BF0123002B16
:104EA0006ED1002851D1022384F83E300122014600
:104EB0002068FFF7D9FF2368334A934203D002F5F5
:104EC0008062934203D15A6C42F400425A642368D0
:104ED0002D4A934249D0B3F1804F46D0A2F57C428F
:104EE000934242D002F5806293423ED002F5806246
:104EF00093423AD002F57842934236D002F570528E
:104F0000934232D0A2F5943293422ED01A6842F0E6
:104F100001021A60002032E0042908D008290DD0CF
:104F200094F84130DBB2013B18BF0123B7E794F896
:104F30003F30DBB2013B18BF0123B0E794F84030AB
:104F4000DBB2013B18BF0123A9E7042805D00828DC
:104F500007D0022384F84130A8E7022384F83F30C9
:104F6000A4E7022384F84030A0E79A6802F0070221
:104F7000062A07D01A6842F001021A60002010BD0C
:104F80000120FCE70020FAE70000014090F83C20F7
:104F9000012A3DD010B40346012280F83C200222B1
:104FA00080F83D2002685068946820F0700C086812
:104FB00040EA0C0050601A68164882421AD0B2F1DA
:104FC000804F17D0A0F57C40824213D000F580605E
:104FD00082420FD000F5806082420BD000F578400D
:104FE000824207D000F57050824203D0A0F5943081
:104FF000824204D124F08004496821439160012257
:1050000083F83D20002083F83C005DF8044B704796
:105010000220704700000140024690F83C30012B0E
:1050200021D0012380F83C30CB6823F4407388689A
:10503000034323F480634868034323F40063086850
:10504000034323F480530869034323F4005348695E
:10505000034323F48043C9690B4311684B64002068
:1050600082F83C0070470220704770477047026822
:1050700002F10C0353E8003F23F490730C3242E832
:1050800000310029F3D1026802F1140353E8003F14
:1050900023F00103143242E800310029F3D1036BFD
:1050A000012B05D0202380F83E3000230363704796
:1050B000026802F10C0353E8003F23F010030C32A6
:1050C00042E800310029F3D1ECE790F83D30DBB243
:1050D000212B01D0022070478368B3F5805F17D081
:1050E000036A5A1C02621A7803685A60C38C9BB226
:1050F000013B9BB2C3844BB90268D36823F08003A1
:10510000D3600268D36843F04003D3600020704747
:105110000369002BE4D1036A1B880268C3F3080308
:105120005360036A02330362E0E7000010B50446EF
:105130000268136923F44053C1680B431361836809
:1051400002691A4343691A43C3691A430168CB6869
:1051500023F4164323F00C031343CB600268536916
:1051600023F4407381690B4353610368314A9342CE
:1051700006D002F58062934202D0FFF711F801E0F9
:10518000FFF71EF8E369B3F5004F29D0002103189B
:1051900049411B1841F10001C90041EA5371DB008C
:1051A000181863684FEA83024FEA937341F10001D4
:1051B000FBF712FA204AA2FB00314909642303FBE2
:1051C00011031B013233A2FB03235B0903F0F0023E
:1051D00002EB011203F00F03216813448B6010BD32
:1051E0000023021843EB0301121841F10001C9002A
:1051F00041EA5271D200101841F100016268921820
:105200005B41FBF7E9F90C4AA2FB00314909642331
:1052100003FB1103DB003233A2FB03235B095A00BB
:1052200002F4F87202EB011203F007032168134441
:105230008B60D4E7001001401F85EB512DE9F84346
:1052400005460F4616469946DDF820802B681C68F7
:1052500037EA04040CBF01240024B4422DD1B8F174
:10526000FF3FF3D0B8F1000F05D0FDF735F9A0EB03
:1052700009004045EAD92A6802F10C0353E8003FCF
:1052800023F4D0730C3242E800310029F3D12A68AC
:1052900002F1140353E8003F23F00103143242E803
:1052A00000310029F3D1202385F83D3085F83E30C8
:1052B000002385F83C30032000E00020BDE8F8839F
:1052C00058B310B5044690F83D300BB3242384F84E
:1052D0003D302268D36823F40053D3602046FFF7A3
:1052E00025FF2268136923F49043136122685369F0
:1052F00023F02A0353612268D36843F40053D36038
:1053000000202064202384F83D3084F83E3010BD16
:1053100080F83C30FCF76EFFD8E7012070472DE99C
:10532000F04182B01E4690F83D30DBB2202B54D1C4
:1053300004460D469046002953D0002A53D090F8D9
:105340003C30012B51D0012380F83C300023036412
:10535000212380F83D30FDF7BFF80746A4F82480EC
:10536000A4F82680A368B3F5805F05D04FF000084D
:10537000002384F83C3012E0236913B14FF0000899
:10538000F6E7A8460025F3E738F8023B2268C3F3A6
:1053900008035360E28C92B2013A92B2E284E38C49
:1053A0009BB273B100963B46002280212046FFF756
:1053B00045FFE0B9002DE7D015F8012B23685A60AE
:1053C000E8E700963B46002240212046FFF736FFE3
:1053D00078B9202384F83D3000E0022002B0BDE817
:1053E000F0810120FAE70120F8E70220F6E7032028
:1053F000F4E70320F2E7704708B50168CA6822F0B5
:105400004002CA60202280F83D20FFF7F4FF002010
:1054100008BD704708B5806B0023C385C384FFF7C0
:10542000F8FF08BD704790F83E30DBB2222B67D101
:105430008368B3F5805F4DD0826AB3F5805F04D096
:10544000002B54D10369002B51D103685B681370A2
:10545000836A01338362C38D9BB2013B9BB2C385D8
:10546000002B4FD100B583B00268D36823F020032E
:10547000D3600268D36823F48073D36002685369F1
:1054800023F001035361202380F83E30036B012B8E
:1054900033D100230363026802F10C0353E8003F99
:1054A00023F010030C3242E800310029F3D10368E5
:1054B0001A6812F0100F06D0002201921A680192A9
:1054C0005B680193019B818DFFF7ACFF002003B067
:1054D0005DF804FB0269002AAED1826A03685B684A
:1054E000C3F308031380836A02338362B3E703685C
:1054F0005B6803F07F031370AAE7FCF7F7F9E5E7B1
:10550000022070470020704710B582B00446026840
:105510001368D068516913F00F0F09D113F0200FF1
:105520000CD010F0200F09D02046FFF77CFF16E0CA
:1055300011F0010115D110F4907F12D1216B0129D6
:1055400079D013F0800F03D010F0800F40F010815D
:1055500013F0400F03D010F0400F40F00D8102B067
:1055600010BD13F0010F06D010F4807F03D0226C21
:1055700042F00102226413F0040F04D019B1226C2E
:1055800042F00202226413F0020F04D019B1226C1F
:1055900042F00402226413F0080F07D010F0200F2D
:1055A00000D119B1226C42F008022264226C002A58
:1055B000D5D013F0200F02D010F0200F29D123688E
:1055C0005B6903F04003226C12F0080F00D163B353
:1055D0002046FFF74CFD23685B6913F0400F20D095
:1055E000226802F1140353E8003F23F04003143211
:1055F00042E800310029F3D1A36B73B1604A1A6508
:10560000A06BFDF7E7FE0028A9D0A06B036D9847BB
:10561000A5E72046FFF707FFD1E72046FFF7F9FE91
:105620009DE72046FFF7F5FE99E72046FFF7F1FEDC
:105630000023236493E713F0100F82D010F0100FB3
:105640003FF47FAF002301931368019353680193E4
:10565000019B536913F0400F50D0A26B13685B6835
:105660009BB2002B3FF47BAFA18D99427FF677AFC1
:10567000E385D369B3F5807F37D0226802F10C034C
:1056800053E8003F23F480730C3242E800310029D4
:10569000F3D1226802F1140353E8003F23F0010321
:1056A000143242E800310029F3D1226802F11403D8
:1056B00053E8003F23F04003143242E80031002950
:1056C000F3D1202384F83E3000232363226802F1C3
:1056D0000C0353E8003F23F010030C3242E8003182
:1056E0000029F3D1A06BFDF72BFEA18DE38D9BB2BA
:1056F000C91A89B22046FFF795FE30E7A18DE38DE8
:105700009BB2C91A89B2E38D9BB2002B3FF427AF3D
:1057100000293FF424AF226802F10C0353E8003F54
:1057200023F490730C3242E800300028F3D1226851
:1057300002F1140353E8003F23F00103143242E85E
:1057400000300028F3D1202384F83E300023236367
:10575000226802F10C0353E8003F23F010030C32DF
:1057600042E800300028F3D12046FFF75BFEF6E662
:105770002046FFF7AAFCF2E62046FFF73DFEEEE6E4
:105780001554000881628285C285002303642222A9
:1057900080F83E2080F83C30036923B10268D3686A
:1057A00043F48073D3600268536943F0010353618B
:1057B0000268D36843F02003D3600020704708B527
:1057C00090F83E30DBB2202B0DD171B17AB190F858
:1057D0003C30012B0DD0012380F83C3000230363C3
:1057E000FFF7D0FF00E0022008BD0120FCE7012008
:1057F000FAE70220F8E7842801D003307047002040
:10580000704708B500F044FE002008BD2DE9F043C4
:1058100087B00E464469C4B18569B5B14768D0F810
:105820000080D0F81090B0F90800FFF7E4FF02956F
:105830000194009033464A464146384600F0B8FD90
:105840000590059807B0BDE8F083446805680769CE
:10585000B0F90800FFF7CFFF05AB01930090334686
:10586000BAB22946204600F0E0FD0128E9D0002028
:10587000E8E708B500B9012000F0C8FF002008BD26
:1058800000F1080343604FF0FF328260C3600361A0
:1058900000230360704700230361704743684B6037
:1058A0009A688A60516099600861036801330360F7
:1058B000704730B40D68B5F1FF3F11D000F1080317
:1058C0001C465B681A68AA42FAD963684B60996003
:1058D0008C606160086103680133036030BC70470D
:1058E0000469F2E70369416882688A60416851602F
:1058F0005A68824206D0002202611A68013A1A6090
:105900001868704782685A60F5E7000082B000238B
:1059100001930D4B1B68B3F1FF3F08D04FF05003CC
:1059200083F31188BFF36F8FBFF34F8FFEE74FF004
:10593000500383F31188BFF36F8FBFF34F8F019B29
:10594000002BFCD002B070470C0000200848006813
:10595000006880F308884FF0000080F3148862B676
:1059600061B6BFF34F8FBFF36F8F00DF00BF000042
:1059700008ED00E0DFF80C00016841F470010160FF
:105980007047000088ED00E04FF0807340F8043C61
:1059900021F0010140F8081C054B40F80C3C40F890
:1059A000202C6FF0020340F8243C4438704700BFBD
:1059B0000D59000800000000000000000000000079
:1059C000074B19680868B0E8F04F80F30988BFF307
:1059D0006F8F4FF0000080F311887047AFF30080A5
:1059E000307200204FF0500383F31188BFF36F8FA4
:1059F000BFF34F8F0B4A136801331360012B00D0A4
:105A000070474FF0E023D3F8043D13F0FF0FF7D0B9
:105A10004FF0500383F31188BFF36F8FBFF34F8FA5
:105A2000FEE700BF0C000020094B1B6843B94FF094
:105A3000500383F31188BFF36F8FBFF34F8FFEE7DF
:105A4000013B034A13600BB983F31188704700BF11
:105A50000C0000200000000000000000000000001A
:105A6000EFF30980BFF36F8F154B1A681EF0100F0C
:105A700008BF20ED108A20E9F04F10602DE90900E1
:105A80004FF0500080F31188BFF34F8FBFF36F8F3B
:105A900000F02EFF4FF0000080F3118809BC196858
:105AA0000868B0E8F04F1EF0100F08BFB0EC108A85
:105AB00080F30988BFF36F8F704700BFAFF300809A
:105AC0003072002008B54FF0500383F31188BFF304
:105AD0006F8FBFF34F8F00F03FFD28B14FF0E023F1
:105AE0004FF08052C3F8042D002383F3118808BDC2
:105AF0004FF0E022002313619361054B1B680549B9
:105B0000A1FB03139B09013B5361072313617047FA
:105B100000000020D34D62104FF0E023D3F8002D99
:105B20003D4B9A421CD04FF0E023D3F8002D3B4B65
:105B30009A421ED030B583B0394B1A78D2B2019256
:105B4000FF221A701B78DBB28DF803309DF803300A
:105B500003F05003334A1370334B07221A601BE0E3
:105B60004FF0500383F31188BFF36F8FBFF34F8F54
:105B7000FEE74FF0500383F31188BFF36F8FBFF33D
:105B80004F8FFEE7284A1368013B13609DF80330EE
:105B90005B00DBB28DF803309DF8033013F0800F0B
:105BA000F0D1214B1B68032B08D04FF0500383F337
:105BB0001188BFF36F8FBFF34F8FFEE71B021A4AA6
:105BC000136003F4E0631360019BDBB2144A1370AB
:105BD0004FF0E024D4F8203D43F47003C4F8203D96
:105BE000D4F8203D43F07043C4F8203DFFF780FF18
:105BF00000250E4B1D60FFF7BDFED4F8343F43F087
:105C00004043C4F8343FFFF7A1FE00F071FEFFF7F8
:105C10007DFE284603B030BD71C20F4170C20F41F6
:105C200000E400E0E4100020E01000200C00002060
:105C3000EFF305830F2B0FD9114A9B5CDBB2114A9E
:105C400012789A4208D94FF0500383F31188BFF3BA
:105C50006F8FBFF34F8FFEE74FF0E023D3F80C3D7B
:105C600003F4E063084A1268934208D94FF05003E6
:105C700083F31188BFF36F8FBFF34F8FFEE7704739
:105C8000F0E300E0E4100020E0100020124A12F0DF
:105C9000070F1ED0D11D21F00701C1F5C0431344E9
:105CA0000A460E480260002141601344083B23F07D
:105CB00007030B48036059601960991A516013601B
:105CC000084B1960084B1960084B4FF000421A60EE
:105CD00070474FF4C043E4E7081100200011002092
:105CE000FC100020F4100020F8100020E810002024
:105CF000164B1A461B688342FBD3516802EB010C1A
:105D0000844509D0416800EB010C634509D003606C
:105D1000904219D0106070474068014451601046AD
:105D2000F0E710B40A4C2468A3420BD05B68194416
:105D3000416013681B680360904200D010605DF8FA
:105D4000044B70470460F7E7704700BF0011002064
:105D5000FC10002038B5044600F0DCFB384B1B6813
:105D6000B3B1384B1B681C4250D1002C50D004F109
:105D7000080214F0070F02D022F007020832002AAE
:105D800055D0314B1B68934253D330490C6804E023
:105D9000FFF77CFFE5E721461C466368934202D289
:105DA0002368002BF7D1264B1B68A34243D00D6814
:105DB000083523680B6063689B1A102B10D9A01854
:105DC00010F0070F08D04FF0500383F31188BFF392
:105DD0006F8FBFF34F8FFEE743606260FFF788FF6E
:105DE000626819490B689B1A0B60194909688B4254
:105DF00001D217490B60134B1B68134363600023E8
:105E00002360144A13680133136002E0002500E0A8
:105E1000002500F02DFC15F0070F0ED04FF05003B9
:105E200083F31188BFF36F8FBFF34F8FFEE7002519
:105E3000EFE70025EDE70025EBE7284638BD00BF7A
:105E4000FC100020E8100020F810002000110020B5
:105E5000F4100020F0100020002834D038B504469B
:105E6000A0F1080550F8043C174A1268134208D103
:105E70004FF0500383F31188BFF36F8FBFF34F8F41
:105E8000FEE750F8081C41B14FF0500383F311882E
:105E9000BFF36F8FBFF34F8FFEE723EA020340F893
:105EA000043C00F037FB54F8041C084A13680B4408
:105EB00013602846FFF71CFF054A1368013313607F
:105EC00000F0D6FB38BD7047E8100020F810002025
:105ED000EC10002038B5E0B10D460446FFF782FD16
:105EE0002368E26B216C01FB0230A0600020A063FC
:105EF0006360013A02FB0133E360FF2384F844301E
:105F000084F84530FDB9236963B9FFF78DFD0120A1
:105F100038BD4FF0500383F31188BFF36F8FBFF389
:105F20004F8FFEE704F1100000F034FD0028ECD0A4
:105F30004FF0E0234FF08052C3F8042DBFF34F8F92
:105F4000BFF36F8FE1E704F11000FFF799FC04F154
:105F50002400FFF795FCD8E710B5034602980C46DD
:105F600031B90060C36304640121FFF7B3FF10BDC2
:105F70000260F7E740B94FF0500383F31188BFF395
:105F80006F8FBFF34F8FFEE7F0B583B00D46144619
:105F9000064601FB00F04830FFF7DCFE074650B133
:105FA000002380F846300090234600F1480229463D
:105FB0003046FFF7D1FF384603B0F0BD036863B346
:105FC00070B504468E4643685B68436000F108057F
:105FD000AB4203D06368DE68002015E05B68436075
:105FE000F8E75B68636014E001330F2B09D8CA1827
:105FF00092F834201EF803C0944502D1002AF3D150
:10600000084660B98E420AD063685B6863609D424F
:10601000E7D06368D9680023E7E70020704770BDC8
:10602000084B1B681B6823B9074B4FF0FF321A60FF
:106030007047044B1B68DB68DB685A68024B1A60C8
:10604000704700BF78710020107100202DE9F047E3
:1060500007469846089DDDF824900A9C266B02F1BD
:106060008042013A06EB820626F00706002966D038
:1060700008464FF0000CBCF10F0F09D810F80C20A7
:1060800004EB0C0383F8342012B10CF1010CF2E79D
:10609000002384F84330062D00D90625E5626564A7
:1060A0004FF0000AC4F848A0201DFFF7F4FB04F1EC
:1060B0001800FFF7F0FB2461C5F10705A5616462D4
:1060C000C4F870A184F874A14FF49072514604F1A1
:1060D000500005F029FE1C4B636503F16802A265C0
:1060E000D033E36501220023C4E93A2343F20E339F
:1060F000A4F8F0304AF6CD33A4F8F23041F234235C
:10610000A4F8F4304EF26D63A4F8F6304DF6EC636B
:10611000A4F8F8300523A4F8FA300B23A4F8FC30D7
:1061200084F876A1424639463046FFF72DFC2060C0
:10613000B9F1000F01D0C9F80040BDE8F087002395
:1061400084F83430A7E700BF047C002038B5002471
:1061500007E004EB840293000E481844FFF790FB1D
:106160000134062CF5D90C4D2846FFF789FB0B4C62
:106170002046FFF785FB0A48FFF782FB0948FFF737
:106180007FFB0948FFF77CFB084B1D60084B1C6038
:1061900038BD00BFA4710020907100207C710020E8
:1061A000607100204C710020347100207871002053
:1061B0007471002010B50446FFF714FC214A1368DF
:1061C00001331360204B1B685BB1204B1B686BB91C
:1061D0001D4B1B68DA6AE36A9A4207D81A4B1C60A7
:1061E00004E0194B1C601368012B28D0184A13686F
:1061F00001331360E06A01238340164A11680B43A0
:10620000136000EB8000211D134B03EB8000FFF7B0
:1062100045FBFFF709FC0D4B1B687BB10A4B1B6864
:10622000DA6AE36A9A4209D24FF0E0234FF08052D3
:10623000C3F8042DBFF34F8FBFF36F8F10BDFFF76F
:1062400085FFD3E7307100203072002024710020D8
:106250001471002028710020A471002010B504469C
:10626000503005F0B3FD94F8753163B1012B11D0B6
:10627000022B0ED04FF0500383F31188BFF36F8FC2
:10628000BFF34F8FFEE7206BFFF7E6FD2046FFF7D9
:10629000E3FD10BD2046FFF7DFFDFAE70F4B1B685B
:1062A000D3B110B5FFF79EFB0D4BDB68DC68201DFA
:1062B000FFF718FB0B4A1368013B1360074A13688A
:1062C000013B1360FFF7B0FB2046FFF7C7FF034B0E
:1062D0001B68002BE6D110BD704700BF487100203D
:1062E0004C7100203071002008B5FFF7D7FF074B35
:1062F0001B68012BF9D94FF0E0234FF08052C3F80F
:10630000042DBFF34F8FBFF36F8FEEE7A471002012
:1063100070B504460D461F4B1E681F4B1A680021BE
:1063200082F8761118680430FFF7DCFA48B91A4B86
:106330001B68DB6A01229A4018490B6823EA0203B2
:106340000B60B4F1FF3F0DD03444134B1B685C600D
:10635000A64210D9124B18680F4B19680431FFF789
:10636000A8FA70BD002DEFD00B4B196804310D4811
:10637000FFF794FAF5E70C4B1868074B19680431DE
:10638000FFF797FA094B1B68A342EAD9074B1C6039
:10639000E7E700BF2C710020307200202871002038
:1063A0007471002034710020787100201071002079
:1063B00030B587B00B9C8CB10C9DC5B14FF4BC754A
:1063C0000495049DB5F5BC7F1AD04FF0500383F3BC
:1063D0001188BFF36F8FBFF34F8FFEE74FF050036D
:1063E00083F31188BFF36F8FBFF34F8FFEE74FF03A
:1063F000500383F31188BFF36F8FBFF34F8FFEE716
:10640000049D0C9D2C63022485F87541002403949F
:10641000029505AC01940A9C0094FFF717FE0C98B6
:10642000FFF7C8FE059807B030BD2DE9F04385B0F1
:106430000746884614461E469000FFF78BFC10B3B3
:1064400081464FF4BC70FFF785FC0546A8B1C0F843
:106450003090002380F87531039302900D9B0193D7
:106460000C9B00933346224641463846FFF7EEFD2B
:106470002846FFF79FFE012007E04846FFF7ECFCA7
:106480004FF0FF3001E04FF0FF3005B0BDE8F08382
:1064900010B588B000240594069407AA06A905A89B
:1064A000FAF75AFE059B0293069B0193009423463C
:1064B000079A10491048FFF77BFF104B1860B8B1DE
:1064C0004FF0500383F31188BFF36F8FBFF34F8FEB
:1064D0000B4B1B6850330B4A13600B4B4FF0FF32D2
:1064E0001A600A4B01221A60094B1C60FFF714FB6B
:1064F00008B010BD70CB0008E96200080C710020E4
:106500003072002008060020107100202471002045
:106510002C710020024A136801331360704700BFDA
:1065200008710020014B1868704700BF2C710020D3
:10653000034610B103F134007047064B1B68002B73
:10654000F8D14FF0500383F31188BFF36F8FBFF37F
:106550004F8FFEE730720020F8B53A4B1B68002BD6
:1065600069D1394B1D6801351D60C5B9374B1B68B2
:106570001B6843B14FF0500383F31188BFF36F8F53
:10658000BFF34F8FFEE7314A1168314B1868106036
:106590001960304A136801331360FFF741FD2E4B39
:1065A0001B68AB423DD900272C4B1B68DB6A03EB11
:1065B00083039A002A4B9B58012B00D90127294BB2
:1065C0001B68002B3CD001273AE001271F4B1B68BA
:1065D0001B6843B31D4B1B68DB68DC6863689D4226
:1065E00026D3261D3046FFF77DF9A36A1BB104F1BF
:1065F0001800FFF777F9E36A01229A401A49086800
:1066000002430A6003EB83039A00314614481044A6
:10661000FFF744F9E26A114B1B68DB6A9A42D4D255
:10662000D4E70027D2E70C4B4FF0FF321A60BBE7EC
:10663000094A1360B8E70D4A136801331360002755
:106640003846F8BD087100202C71002078710020B8
:106650007471002018710020107100203072002029
:10666000A47100201C7100202871002020710020DE
:1066700038B5354B1B6843B94FF0500383F311888D
:10668000BFF36F8FBFF34F8FFEE7FFF7ABF92E4BD2
:106690001A68013A1A601B68002B4FD12B4B1B68FC
:1066A0000BB900244BE00024294B1B681BB3284B7B
:1066B000DB68DC6804F11800FFF714F9251D284693
:1066C000FFF710F9E06A01238340224A11680B4367
:1066D000136000EB800029461F4B03EB8000FFF79F
:1066E000DDF8E26A1D4B1B68DB6A9A42DCD31C4B67
:1066F00001221A60D8E70CB1FFF792FC194B1C6815
:1067000084B9174B1C68D4B14FF0E0234FF080528E
:10671000C3F8042DBFF34F8FBFF36F8F01240EE03A
:10672000013C07D0FFF718FF0028F9D00C4B0122DD
:106730001A60F5E70B4B00221A60E2E70024FFF72E
:1067400073F9204638BD00BF087100203071002069
:106750006071002028710020A47100203072002098
:106760001C7100202071002038B558B10C46054638
:1067700089B94FF0500383F31188BFF36F8FBFF3D4
:106780004F8FFEE74FF0500383F31188BFF36F8FF5
:10679000BFF34F8FFEE71B4B1B6843B14FF0500315
:1067A00083F31188BFF36F8FBFF34F8FFEE7FFF7BF
:1067B000B1FE154B18682B681C44834209D9A342CB
:1067C00001D82C600EE0A04201D32C600AE02C60BE
:1067D00004E0A34201D8A04212D22C600021201A6A
:1067E000FFF796FDFFF744FF48B94FF0E0234FF065
:1067F0008052C3F8042DBFF34F8FBFF36F8F38BDA6
:106800002C60EFE7087100202C71002010B5A8B1B2
:106810000446104B1B6843B14FF0500383F31188BB
:10682000BFF36F8FBFF34F8FFEE7FFF773FE0021BB
:106830002046FFF76DFDFFF71BFF48B94FF0E0233F
:106840004FF08052C3F8042DBFF34F8FBFF36F8F0B
:1068500010BD00BF0871002070B50546F9F770FF44
:106860000F2808D94FF0500383F31188BFF36F8FBF
:10687000BFF34F8FFEE7FFF74DFE0724013C04EB0B
:1068800084002946154B03EB8000FFF797FB064673
:1068900008B9002CF2D126B196B1FFF7E9FE3046D7
:1068A00070BD0F4B18682946FFF788FB0646002885
:1068B000F3D10C4B18682946FFF780FB0646EBE73F
:1068C00029460948FFF77AFB06460028E5D1294604
:1068D0000648FFF773FB0646DFE700BFA471002000
:1068E0007871002074710020347100204C710020F8
:1068F000224B1B681BB1224B01221A607047204BB0
:1069000000221A601F4B1B68B3FA83F3DBB2C3F19A
:106910001F0303EB83018A001B498A5842B94FF0D9
:10692000500383F31188BFF36F8FBFF34F8FFEE7E0
:10693000154803EB83018A0002445168496851609D
:1069400003EB830C4FEA8C020832024491420DD0D3
:1069500003EB83039A000C4B13445B68DA680B4B20
:106960001A601B6850330A4A1360704748686246D1
:106970009100054A0A445060EAE700BF0871002010
:106980001C71002028710020A471002030720020AA
:106990000806002038B5C368DC6824B304F1180584
:1069A0002846FEF79FFF184B1B682BBB251D28466A
:1069B000FEF798FFE06A01238340144A11680B43F5
:1069C000136000EB80002946114B03EB8000FEF7BB
:1069D00065FFE26A0F4B1B68DB6A9A4211D90120FE
:1069E0000D4B186038BD4FF0500383F31188BFF38F
:1069F0006F8FBFF34F8FFEE729460848FEF74EFF23
:106A0000E7E70020EEE700BF0871002028710020B2
:106A1000A4710020307200201C71002060710020E1
:106A2000054B1B6833B1054B1B680BB10020704749
:106A30000220704701207047247100200871002057
:106A400038B505460C46FEF7CDFF1C4B1B68D3F846
:106A500070312BB9194B1B68012283F87421BCB922
:106A6000FEF7E2FFFEF7BEFF144B1B68D3F8704140
:106A70002CB1E5B1114B1B680022C3F870210F4BFC
:106A80001B68002283F87421FEF7CEFF204638BD34
:106A900011462046FFF73CFC4FF0E0234FF08052B8
:106AA000C3F8042DBFF34F8FBFF36F8FD8E7034BAD
:106AB0001B68621EC3F87021E1E700BF307200203E
:106AC000F8B5F0B10D460446FFF7B2F8EFF31183C5
:106AD0004FF0500282F31188BFF36F8FBFF34F8FD7
:106AE0001E4694F87431DBB2022284F87421D4F883
:106AF00070210132C4F87021012B0BD086F311886C
:106B0000F8BD4FF0500383F31188BFF36F8FBFF3CD
:106B10004F8FFEE7A36A43B14FF0500383F3118810
:106B2000BFF36F8FBFF34F8FFEE7144B1B68FBB9AA
:106B3000271D3846FEF7D6FEE06A01238340104A3F
:106B400011680B43136000EB800039460D4B03EBDB
:106B50008000FEF7A3FEE26A0B4B1B68DB6A9A42D9
:106B6000CCD90DB101232B60084B01221A60C5E777
:106B700004F118010648FEF791FEECE708710020C9
:106B800028710020A4710020307200201C710020A8
:106B9000607100200022022A51D810B4D3ED057A8A
:106BA00002EB420C264C04EB8C0494ED007A67EE69
:106BB000877A93ED067AD4ED016A27EE267A77EE8E
:106BC000877A93ED077AD4ED026A27EE267A77EE7C
:106BD000877A1C4C04EB820494ED007A00EB82046B
:106BE00077EE877AC4ED007AD3ED017A164C04EB88
:106BF0008C0C9CED007A67EE877A93ED027ADCEDDF
:106C0000016A27EE267A77EE877A93ED037ADCED38
:106C1000026A27EE267A77EE877A0C4C04EB820420
:106C200094ED007A01EB820477EE877AC4ED007A66
:106C30000132D2B2022AB1D95DF8044B70477047D5
:106C400034000020F072002010000020D8720020D4
:106C500010B52DED028BB0EE408A214B1B7813B39B
:106C600001F0ECF800EE900A1E4CF8EEE00AB0EEEF
:106C7000480A204604F0D0F9D4ED0A7AF5EEC07A3D
:106C8000F1EE10FA0CD4174BD3ED0A7AFCEEE77A4A
:106C900017EE903A98B201F007FEBDEC028B10BDE2
:106CA0000022A262EFE701F0C9F807EE900AF8EEC1
:106CB000E77AF4EEC87AF1EE10FA0CD50A4A1378A6
:106CC0000133DBB21370C82B05D9054B01221A70B2
:106CD000044B064A1A6241F2873001F0E5FDDCE719
:106CE000D4720020A07200203872002000401C45A1
:106CF00010B5EFF311834FF0500282F31188BFF308
:106D00006F8FBFF34F8F1C464D4B1B7813F0010F55
:106D100017D04C4B9B6C1B681B6813F0010F10D1F4
:106D2000484BDB6C1B681B6813F0010F09D1464B05
:106D30001B7813F0020F04D1444B1B7813F0020FA1
:106D40003CD0414B1B7813F0010F17D03D4B9B6C8F
:106D50001B681B6813F0010F10D13A4BDB6C1B68EA
:106D60001B6813F0010F09D1354B1B7813F0020F8C
:106D700004D1364B1B7813F0020F35D0334B1B7800
:106D800013F0010F17D02F4B9B6C1B681B6813F07F
:106D9000010F10D12B4BDB6C1B681B6813F0010F2C
:106DA00009D1274B1B7813F0020F04D1264B1B7817
:106DB00013F0020F2ED084F3118810BD204B1A78E7
:106DC00002F0FE021A701A7842F002021A700022D3
:106DD00001211F48FCF7CAFE08221E491E4801F087
:106DE00079FE84F31188E8E7174B1A7802F0FE0267
:106DF0001A701A7842F002021A7000221021174805
:106E0000FCF7B4FE09221649164801F063FE84F32C
:106E10001188D2E70D4B1A7802F0FE021A701A7828
:106E200042F002021A70002210210C48FCF79EFE6C
:106E300004220D490D4801F04DFE84F31188BCE792
:106E4000237300206C0C002022730020217300208B
:106E5000000402403473002068000020000002405B
:106E6000287300205C0000202473002058000020BC
:106E700008B50720FEF7FDFC02E06420FEF7F9FCF0
:106E800004F07DFC0028F8D1744D2A46A5F10C01D0
:106E9000281D04F021FD724E724CA5F110033246FC
:106EA00021467148FFF776FE9FED701ADFED700AFC
:106EB0009FED700A41F2301241F294116E4804F0D5
:106EC000A2F8324621466D4803F0C0FC22686C48A7
:106ED00002606C490A606C4B1A60626842604A60EA
:106EE0005A60A26882608A609A600020FFF720FBE7
:106EF000FFF7B2FC654B186065481023C361FDF7CE
:106F00003DFA40B908226349634801F059FD634BDB
:106F100001221A707BE0FAF790FAF3E7604A1378DF
:106F200003F0F70313705F495F4804F0A3FC7BE0B4
:106F30005E4A137803F0FB0313705D4AA2F11C0153
:106F40005C4804F04FFC75E0454E464C464D5A4BAC
:106F5000324621462846FFF71DFE4A4B93ED007A44
:106F6000494981ED007A464AD2ED007AC3ED007AB4
:106F7000DFED525A67EEA57A9FED516A27EE067A49
:106F800077EE877A94ED007ADFED4E6A27EE267A67
:106F900077EE877AC2ED007A93ED017A81ED017A7E
:106FA000D2ED017AC3ED017A67EEA57A27EE067A73
:106FB00077EE877A94ED017A27EE267A77EE877A54
:106FC000C2ED017A93ED027A81ED027AD2ED027A76
:106FD000C3ED027A67EEA57A27EE067A77EE877A16
:106FE00094ED027A27EE267A77EE877AC2ED027A5E
:106FF000224C334629469FED340A204603F064FFB5
:10700000324B1A1FA3F10801204603F073FF4FF023
:10701000FF310120FFF714FD0128F8D1204B1B7828
:1070200013F0080F7FF47AAF204B1B7813F0040F96
:107030007FF47EAF264B1B7813F0040F84D0244AD4
:10704000137803F0FB031370044C2146214804F02D
:10705000AFFB94ED000AFFF7FBFD75E70C73002012
:10706000587200206472002070720020000000003E
:10707000CDCC4C3E0000C844A072002048720020D5
:107080007C72002088720020947200203C730020E3
:107090006C0C002034730020680000202073002056
:1070A000237300201073002035730020227300200A
:1070B0001C7300202A730020FC7200205AF8F63F4F
:1070C0005D896EBFD5A9183B6F12833A44720020C8
:1070D000217300202673002020B319B312B3D0ED22
:1070E000007A91ED007ADFED106A27EE267A77EECE
:1070F000C77AC0ED007AD0ED017A91ED017A27EEE2
:10710000267A77EEC77AC0ED017AD0ED027A91ED5A
:10711000027A27EE267A77EEC77AC0ED027A1388D4
:1071200001331380704700BF52499D3970B5044642
:107130000D4613883BB90C4908680C4B1860486829
:10714000586089689960094E09493046FFF7C4FFC5
:1071500033682B6073686B60B368AB604FF07E532D
:1071600023606360A36070BDE4720020F0720020B1
:1071700070720020D1F800C0064BC3F800C0486808
:1071800058608A689A60044BC3F800C058609A60DF
:10719000704700BFE4720020F072002010B5102884
:1071A00004D0202813D001281DD010BD1A4A13780E
:1071B00043F001031370194A137843F0010313706D
:1071C000174B1B78002BF0D0FFF792FDEDE7154A27
:1071D000137843F001031370114B1B78002BE4D09C
:1071E000FFF786FDE1E7FFF71BFC0128DDD00E4C21
:1071F00021460E4B1868FFF763FC2368002BD4D0A0
:107200004FF0E0234FF08052C3F8042DBFF34F8FAF
:10721000BFF36F8FC9E700BF2273002021730020E6
:107220002073002023730020347200203C73002060
:1072300008B5AD4BDB6C1B68AC4A934240F29D80B5
:10724000583A5268AA498B4231D001F580618B428D
:1072500078D0A1F568718B4276D001F580618B42C0
:1072600074D0A1F589618B4272D001F580618B42A7
:1072700071D0A1F568718B4270D001F580618B42AD
:107280006FD0A1F589618B426ED001F580618B4290
:107290006DD0A1F568718B426CD001F580618B4295
:1072A00002D04FF0006103E04FF4001100E0202114
:1072B0000A4214BF01220022002A00F0A4818B4A56
:1072C000934240F2BC81A2F58962934200F0718141
:1072D00002F58062934200F09781A2F568729342B2
:1072E00000F0948102F58062934200F09181A2F552
:1072F0008962934200F08E8102F58062934200F031
:107300008C81A2F56872934200F08A8102F5806256
:10731000934200F08881A2F58962934200F0868151
:1073200002F58062934200F08481A2F56872934274
:1073300000F0828102F58062934200F037814FF0C5
:10734000006237E12021B3E72021B1E72021AFE738
:107350004FF40061ACE74FF40061A9E74FF400611E
:10736000A6E74FF40061A3E74FF40011A0E74FF444
:1073700000119DE74FF400119AE75E4A934258D9F5
:1073800002F5527212685A498B4231D001F5806180
:107390008B4233D0A1F568718B4231D001F5806109
:1073A0008B422FD0A1F589618B422DD001F58061F0
:1073B0008B422CD0A1F568718B422BD001F58061F6
:1073C0008B422AD0A1F589618B4229D001F58061D9
:1073D0008B4228D0A1F568718B4227D001F58061DE
:1073E0008B4202D04FF0006103E04FF4001100E047
:1073F00020210A4214BF012200225DE72021F8E784
:107400002021F6E72021F4E74FF40061F1E74FF483
:107410000061EEE74FF40061EBE74FF40061E8E74D
:107420004FF40011E5E74FF40011E2E74FF40011CB
:10743000DFE7314A934261D9583A52682C498B426E
:1074400031D001F580618B4233D0A1F568718B4258
:1074500031D001F580618B422FD0A1F589618B423B
:107460002DD001F580618B422CD0A1F568718B4243
:107470002BD001F580618B422AD0A1F589618B4226
:1074800029D001F580618B4228D0A1F568718B422B
:1074900027D001F580618B4202D04FF0006103E0FC
:1074A0004FF4001100E020210A4214BF0122002203
:1074B00002E72021F8E72021F6E72021F4E74FF446
:1074C0000061F1E74FF40061EEE74FF40061EBE794
:1074D0004FF40061E8E74FF40011E5E74FF40011C5
:1074E000E2E74FF40011DFE76C0C00205864024023
:1074F00010600240B860024058600240A74A12681B
:10750000A7498B4231D001F580618B4233D0A1F580
:1075100068718B4231D001F580618B422FD0A1F58B
:1075200089618B422DD001F580618B422CD0A1F571
:1075300068718B422BD001F580618B422AD0A1F576
:1075400089618B4229D001F580618B4228D0A1F559
:1075500068718B4227D001F580618B4202D04FF0D9
:10756000006103E04FF4001100E020210A4214BF43
:1075700001220022A0E62021F8E72021F6E72021C1
:10758000F4E74FF40061F1E74FF40061EEE74FF4E8
:107590000061EBE74FF40061E8E74FF40011E5E725
:1075A0004FF40011E2E74FF40011DFE74FF400124F
:1075B00000E020227B4BDA607B4B1B7813F0020F3C
:1075C00040F05281794B1B7813F0020F40F05B8141
:1075D000774B1B7813F0020F40F06481FFF788FBB4
:1075E000714B1B7813F0040F0DD06F4B1A7802F01B
:1075F000FB021A701A7842F008021A706D4A136979
:1076000043F00103136108BD2022D3E72022D1E714
:107610002022CFE74FF40062CCE74FF40062C9E7C5
:107620004FF40062C6E74FF40062C3E74FF4001264
:10763000C0E74FF40012BDE74FF40012BAE75E4A0C
:10764000934253D9A83A934231D002F580629342D3
:1076500031D0A2F5687293422FD002F58062934236
:107660002DD0A2F5896293422BD002F5806293421D
:107670002AD0A2F56872934229D002F58062934223
:1076800028D0A2F58962934227D002F58062934206
:1076900026D0A2F56872934225D002F5806293420B
:1076A00002D04FF0006203E04FF4001200E020220D
:1076B0003C4B9A6080E72022FAE72022F8E720225C
:1076C000F6E74FF40062F3E74FF40062F0E74FF49F
:1076D0000062EDE74FF40062EAE74FF40012E7E7DB
:1076E0004FF40012E4E74FF40012E1E7334A93420B
:1076F00066D9483A934231D002F58062934231D044
:10770000A2F5687293422FD002F5806293422DD089
:10771000A2F5896293422BD002F5806293422AD06F
:10772000A2F56872934229D002F58062934228D074
:10773000A2F58962934227D002F58062934226D057
:10774000A2F56872934225D002F58062934202D07E
:107750004FF0006203E04FF4001200E020220F4BD4
:10776000DA6029E72022FAE72022F8E72022F6E76C
:107770004FF40062F3E74FF40062F0E74FF4006269
:10778000EDE74FF40062EAE74FF40012E7E74FF449
:107790000012E4E74FF40012E1E700BF006002408E
:1077A0001060024000640240237300202273002016
:1077B00021730020003C0140B86002405860024044
:1077C000404A934231D002F58062934231D0A2F513
:1077D000687293422FD002F5806293422DD0A2F5B9
:1077E000896293422BD002F5806293422AD0A2F59F
:1077F0006872934229D002F58062934228D0A2F5A4
:107800008962934227D002F58062934226D0A2F586
:107810006872934225D002F58062934202D04FF005
:10782000006203E04FF4001200E02022264B9A6031
:10783000C2E62022FAE72022F8E72022F6E74FF4FA
:107840000062F3E74FF40062F0E74FF40062EDE707
:107850004FF40062EAE74FF40012E7E74FF400123A
:10786000E4E74FF40012E1E7184B1A7802F0FD024A
:107870001A701A7842F004021A7001221146144854
:10788000FCF774F99EE6134B1A7802F0FD021A70A9
:107890001A7842F004021A70012210210E48FCF7F7
:1078A00065F995E60D4B1A7802F0FD021A701A7808
:1078B00042F004021A70012210210748FCF756F921
:1078C0008CE600BF1060024000600240237300207D
:1078D00000040240227300200000024021730020B7
:1078E00010B50C4639B1012901D0002010BD00F0BF
:1078F00035FE2046FAE70846F8E7000038B50C46A2
:1079000019B1012907D0002038BD01460C30FFF71E
:1079100031FC2046F8E70E4D2A4601460C30FFF7B1
:1079200005FC2A8844F620639A4208D900222A805E
:1079300000F014FE242001F023F82046E4E701F0D3
:1079400015F842F210715F2000F000FE0020DBE726
:107950004673002009B90120704710B582B0044673
:107960000023037000F0CEFDFDEEC07ACDED017A6C
:107970009DF804300A335BB223712D2B01DD2D23DA
:10798000237143F239036380024BA360012002B0EC
:1079900010BD00BF0000B041A34B00221A7002E0EE
:1079A0000133A14A1370A04B1B78032B0DD89F4ABB
:1079B00002EB03121279D209F2D000239C4A138001
:1079C0009C4A13809C4A1370704700B583B09A4B51
:1079D0001B782BB9974A1288B2F5FA6F00F2A18092
:1079E000022B00F0A980032B00F0B980042B00F0DB
:1079F000DC80924B1B68B3F9002012F5167F12DA77
:107A0000B3F9021011F5167F0DDAB3F90410B1F5D0
:107A1000167F08DDB3F9061011F5167F03DA997A9F
:107A2000022900F0D080B2F5167F12DDB3F9021002
:107A3000B1F5167F0DDDB3F9041011F5167F08DAE4
:107A4000B3F90610B1F5167F03DD997A022900F02B
:107A5000C880B2F5167F12DDB3F9021011F5167F5A
:107A60000DDAB3F9041011F5167F08DAB3F9061030
:107A700011F5167F03DA997A022900F0C38012F516
:107A8000167F12DAB3F90220B2F5167F0DDDB3F9D5
:107A90000420B2F5167F08DDB3F90620B2F5167F93
:107AA00003DD9A7A022A00F0D180624B00221A800C
:107AB000FEF738FD624B1860624B1B68C21A44F631
:107AC00020618A4200F2D38042F210718A4205D9C5
:107AD00023B1594A1278002A40F0CF80984205D04D
:107AE00023B1554B1B78002B40F0CD80524B1B78B7
:107AF0001BB14F490A8801320A804D4A1288B2F5FB
:107B0000C87F03D913B14A4A00211180484A12881C
:107B1000C82A40F2AF80002B00F0AC8000F01EFDC0
:107B2000A8E0FEF7FFFC474B1860434B01221A7098
:107B3000404B00221A805CE73E4A1288B2F5FA6F89
:107B40007FF651AF00233C4A13703A4A1380374AFC
:107B5000137D43F08003137500F000FD49E7354ABB
:107B60001288B2F5FA6F7FF641AF0023324A1370E4
:107B7000304A13802D4A92F8243043F0800382F873
:107B8000243000F0BFFCFDEEC07ACDED017A9DF807
:107B900004300A335BB22C4A13712D2B02DD1346DD
:107BA0002D221A7100F0DAFC23E7224B1B88B3F573
:107BB000FA6F7FF61EAF00231F4A13701D4A138011
:107BC00000F0CCFC15E7D97A02297FF42CAF1A49D2
:107BD000097800297FF427AF164A138801331380F0
:107BE00066E7D97A02297FF434AF1349097800296E
:107BF0003FF42FAF0F4A1388013313800E4B02223C
:107C00001A7055E7D97A02297FF439AF0A49097801
:107C100000293FF434AF074A138801331380064B21
:107C200003221A7044E700BF4473002054730020FD
:107C30004C7300204A730020487300205C740020BD
:107C4000507300204073002050740020DB7A022B18
:107C50007FF42BAF0F4B1B78002B3FF426AF0E4A5F
:107C60001388013313800B4B04221A7020E7094B51
:107C700000221A7003B05DF804FB44F61F611F2058
:107C800000F064FC32E742F210715F2000F05EFC0D
:107C90002CE700BF487300204A7300202DE9F84309
:107CA0004FF000094C461DE0154E270106EB041865
:107CB00098F8042002F07F02124D9200D8F80810C4
:107CC00005EB0900F8F7A2FC98F8043003F07F03F5
:107CD00009EB83039BB2F259EA5004331FFA83F98C
:107CE0000134E4B2032CDFD9074C0121204600F017
:107CF0000EFD1E220349204600F096FDBDE8F883E4
:107D0000547300209473002000000A082DE9F04706
:107D100082B04FF0000A554601E00135EDB2032D67
:107D200036D8DFF874802F0108EB0516327902F09F
:107D30007F02B1680AF1006000F5202000F07EFCAF
:107D4000347904F07F040AEB8404A4B2012201A96F
:107D500004F1006000F5202000F070FC9DF8043074
:107D600008F807309DF8053073709DF80630B37041
:107D70009DF80730F37004341FFA84FA552BCCD0E9
:107D8000F368002BC9D0327942F080023271C4E727
:107D900002B0BDE8F08700BF5473002008B5214B46
:107DA000214A1A6038E0214A1378013313701F4BBF
:107DB0001B78032B2DD81E4A02EB03121279D2092D
:107DC000F1D01B4A02EB0312D268002AEBD001214A
:107DD000184850F8230090470028E4D0134B1B7834
:107DE000154803EB4301421810F801C0104918016F
:107DF00001EB031301F800C05178597092789A7022
:107E00005522DA701A796FF3C7121A71FFF746FF1D
:107E1000C9E70120FDF72DFDFFF7BEFD034B002252
:107E20001A70C4E75C740020747B00204573002046
:107E3000547300207CCB00088CCB0008014B93F9D5
:107E4000040070475074002010B5002312E0184A57
:107E5000D05C184A02EB0312117960F3060111712C
:107E6000154951F823109160144951F82310D1603D
:107E70000133DBB2032BEAD9FFF748FF002406E009
:107E800000210D4850F8240098470134E4B2032C37
:107E90000CD8084B03EB0413DB78552BF5D1054BBD
:107EA00003EB0413DB68002BEAD1EEE710BD00BF43
:107EB00078CB0008547300207CCB000870000020B1
:107EC00038B52DED028B00241AE004EB8402D300B8
:107ED0002D4A13442D4A04EB041081005350DFED6A
:107EE0002C0A084608301044B0EE601AB1EE0C0AB5
:107EF0004FF47A724FF4FA51043003F084F80134ED
:107F0000032CE2DD214B9FED228A83ED528A83ED23
:107F1000548A9FED201AF0EE480A9FED1F0A4FF495
:107F20007A7211461D4803F06EF8DFED1D8A1D4C74
:107F3000B0EE681AF0EE480AB3EE080AC8224FF411
:107F4000FA71204603F05FF8174DB0EE681AF0EEB4
:107F5000480AB3EE080AC8224FF4FA71284603F023
:107F600052F8F7EE000AB0EE600A05F13C0003F0AB
:107F700027F8F7EE000AB0EE600A04F13C0003F0C7
:107F80001FF8BDEC028B38BD387A00208400002039
:107F90000000000000803B44000018426074002094
:107FA0000000B44218750020A074002000000000FA
:107FB00000B583B09D20FEF729FCFEF7B3FA0190CF
:107FC000FFF77EFFFEF7A6FA114D01221149284660
:107FD000FDF7F5FB104C2068F8F756FA0AA3D3E931
:107FE0000023F8F7F3F8F8F7A7FA2060FF2304223C
:107FF00021462846FDF793F9FEF73AFB0A2101A82E
:10800000FEF7B2FBDEE700BF9A9999999999B93FBB
:1080100078100020347A0020800000202DE9F047FD
:1080200089461746084D00EB80064FEA460A05EBE5
:10803000460600233371FAF74FFA45F80A00C6F8EE
:1080400005907772BDE8F0879075002008B5F0B113
:108050000139042916D8DFE801F005032A101300BE
:10806000174816E0174B93F87C301BBB154B93F861
:10807000863013B34FF0FF200BE06FF47F0008E071
:10808000114806E000F06AFA4FF0FF3001E04FF0CF
:10809000FF200E4B1B88502B02D90C4B00221A805C
:1080A0000A4A13880133138000F004FC08BD6FF402
:1080B0007F40EEE74FF0FF20EBE76FF0FF00E8E7CF
:1080C000FF0000FF907500200000FFFF8C7500206E
:1080D0000F4B93F87230012B0CD00D4A92F89A2076
:1080E000012A0BD0012B0DD01BB912B9094B042268
:1080F0001A707047074A02211170EEE70549032004
:108100000870EFE7012AEFD1024901200870EBE780
:10811000907500208A75002070B54FF4FA50FEF774
:1081200075FB0122C8210C20FFF778FF0122C8212E
:108130000D20FFF773FF01224FF416710E20FFF799
:108140006DFF0024032C07D80222C8212046FFF728
:1081500065FF0134E4B2F5E70322C8210820FFF7E8
:108160005DFF0322C8210920FFF758FF0322C82121
:108170000A20FFF753FF0422C8210620FFF74EFF15
:108180000422C8210720FFF749FF052264210B20A4
:10819000FFF744FF0522C8210F20FFF73FFF41E012
:1081A000214A0021D1540133DBB2052BF8D9002438
:1081B0002646254608E004EB84021C4B03EB4203F1
:1081C00001221A710134E4B20F2C20D8FAF784F995
:1081D000164B04EB840203EB420153F81230C01A31
:1081E000D1F805309842E6D9104B0A4600211171AA
:1081F0000135EDB204EB840203EB42035B7A9E424D
:1082000038BF1E460849CA5C0132CA54DAE7FFF794
:108210005FFF054B9A5DF1B22846FFF717FF282054
:10822000FEF7F4FA0023C0E7847500209075002063
:1082300010B58AB0044601AB03AA0021FAF754FD39
:10824000114B9C4201D00AB010BD039B022BFAD106
:108250000E4A136853600E4B19685960DFED0D6AC2
:10826000DDED017A67EEA67A9FED0B7A67EE877AED
:10827000C2ED007ADDED027A67EEA67A67EE877AC4
:10828000C3ED007ADFE700BFB00700200C750020C7
:1082900094740020DB0F49406666D6407047002882
:1082A00000F094800346002900F0908030B50478F7
:1082B000427844EA0224C4F30A040C8090F801E0F6
:1082C00082784FEADE0E4EEA421ECEF30A0EA1F885
:1082D00002E08278C078920942EA8002187942EA84
:1082E0008022C2F30A028A8018795D79400840EA48
:1082F000C510C0F30A00C88093F805C0CCF3011C78
:1083000081F80AC093F805C04FEA9C1C81F80BC0A5
:1083100093F806C0DD794CEA052CA1F818C093F853
:1083200008C05D7A4CEA052CA1F81AC093F80AC07F
:10833000DD7A4CEA052CA1F81CC01D7B8D775D7B96
:10834000CD7793F80EC0DD7B4CEA052CA1F820C058
:1083500093F810C05B7C4CEA03230B81A4F5806486
:108360000C80AEF5806EA1F802E0A2F580648C80EE
:10837000A0F58060C880A3F580630B81A2F2F6327D
:1083800092B2142A02D800230B714B71002304E02F
:108390001A1D01EB4202D0800133032B15DC1A1D9C
:1083A00001EB4202B2F906C00FFA8CF231F9130068
:1083B0000FFA80FEA2EB0E02002AB8BF5242B2F5BD
:1083C000FA7FE5DD21F813C0E6E730BD7047000015
:1083D00008B503492422A1F1240000F093FA08BD56
:1083E000507B002000B583B02F4B1B681A6812F039
:1083F000200F09D0002200921A6800925B68009357
:10840000009B03B05DF804FB284A126812F0100FBD
:10841000F7D0002201921A6801925B680193019BD8
:10842000234B1B681A6812F4002F1DD11A6822F022
:1084300001021A601E4802685368C3F124039BB20C
:108440001C490B8024215160116841F40021116006
:1084500001680A6842F001020A60122BD1D1164964
:108460001648FFF71CFFCCE71A6822F001021A60D9
:108470000F490A685368C3F124039BB20D48038077
:10848000242050600E48826A22F400228262096829
:108490000A6842F001020A60122BB2D1064909486B
:1084A000FFF7FDFEADE700BF34100020004800409C
:1084B000900F0020287B0020747B00202C7B002064
:1084C00000600240507B002010B504460C4B196040
:1084D00001225A6000229A601946FAF7CBF958B97E
:1084E0002046FAF7C5F80A212046FAF763F9204634
:1084F000FAF7BCF980B210BDF8F79FFFF0E700BFB4
:10850000987B002008B510210C48FFF7DDFF07EE2F
:10851000900AF8EE677A0A4B93ED007A67EE877A55
:108520009FED087A77EEC77A9FED077A67EE877A34
:10853000B3EE090A37EE800A08BD00BF64070020C9
:10854000E80100205C8F423F0000C843024B1B68DB
:108550009862D963704700BFF80D0020024B1B687A
:108560000022DA63704700BFF80D002010B58AB012
:10857000012208920023069307920093019302932D
:108580000393059304930E4C69462046FAF7E2FAEA
:108590002046FAF77BFB02212046FAF74AFC0E231D
:1085A00009930593074C69462046FAF7D3FA20460B
:1085B000FAF76CFB02212046FAF73BFC0AB010BD2B
:1085C000D8070020B0070020074B1B68074AA2FB12
:1085D0000312920C06490A70064AA2FB03239B0968
:1085E000054A1360704700BF0000002083DE1B4374
:1085F000AC7B0020D34D6210A87B002010B44FF05C
:10860000E0235C690C4A92F800C000FB0CFC9B69FB
:10861000002104E0E01A02441144614509D21A46DF
:108620004FF0E0239B699A42FAD0F3D9D21A114451
:10863000F3E75DF8044B7047AC7B002008B50B46B0
:10864000920001461846F7F7E1FF08BD00F17843B4
:10865000B3F5804F45D3A3F58043B3F5804F42D3A4
:1086600000F17843A3F50043B3F5804F3DD300F10B
:108670007843A3F54043B3F5804F38D300F17743F7
:1086800003F57F03B3F5803F33D300F1774303F560
:108690007E03B3F5003F2ED300F1774303F57C034F
:1086A000B3F5003F29D300F1774303F57A03B3F51F
:1086B000003F24D300F1774303F57803B3F5003F7F
:1086C0001FD300F1774303F57603B3F5003F1AD3C8
:1086D00000F1774000F57400B0F5003F15D20A2094
:1086E0007047002070470120704702207047032028
:1086F0007047042070470520704706207047072008
:10870000704708207047092070470B20704710B54C
:1087100086B00C46FFF79AFF0390002301930223D3
:1087200005930494FAF7EAFF694601A8FBF7DEF81F
:10873000FAF7FCFF06B010BD00F17843B3F5804FA7
:1087400045D3A3F58043B3F5804F42D300F178437E
:10875000A3F50043B3F5804F3DD300F17843A3F573
:108760004043B3F5804F38D300F1774303F57F03DF
:10877000B3F5803F33D300F1774303F57E03B3F5C0
:10878000003F2ED300F1774303F57C03B3F5003FA0
:1087900029D300F1774303F57A03B3F5003F24D3DF
:1087A00000F1774303F57803B3F5003F1FD300F1E1
:1087B000774303F57603B3F5003F1AD300F1774012
:1087C00000F57400B0F5003F15D20C4870470C4816
:1087D00070470C4870470C4870470C4870470C486D
:1087E00070470C4870470C4870470C4870470C485D
:1087F00070470C4870474FF00160704700000E084A
:10880000004000080080000800C0000800000108C7
:108810000000020800000408000006080000080824
:1088200000000A0800000C0870B505460E46144604
:10883000FAF764FF184B1D602846FFF77DFF174BC2
:108840001860174B1E60174B00221A60124B1968F4
:10885000124B1B68994215D8114B1B681A680023EC
:108860000220FAF79DFF88B90B4A1368043313609E
:108870000B4A1368043313600A4A13680133136008
:10888000A342E3D1FAF752FF002070BDFAF74EFF82
:108890004FF0FF30F9E700BFBC7B0020B87B002021
:1088A000B47B0020B07B0020014B1B6858637047ED
:1088B000200D002010B4030E0D4A1370C0F30742C0
:1088C00003FB02F20B490A80C0F3072103FB01F10D
:1088D000094C2180C0B200FB03F30848038008481C
:1088E000006843638163C2635DF8044B704700BF57
:1088F000C67B0020C47B0020C27B0020C07B002000
:10890000B00D002010B4164B1B685C6944F04004A5
:108910005C61DC6844F01004DC60124B1C68236866
:1089200023F00103236003E01C6824F001041C60B1
:108930000C4B1B681C6814F0010FF5D10A4C9C60AD
:10894000D86019615A601A6842F480221A60054B97
:108950001A68136843F0010313605DF8044B704715
:1089600034100020900F002004480040034B1A6888
:10897000D36823F40053D360704700BF3410002045
:1089800010B40D490A68D36823F40053D3600B4A2E
:108990001468236823F001032360136858601A6881
:1089A00042F001021A600A68D36843F40053D360AE
:1089B0005DF8044B704700BF34100020900F00207A
:1089C00030B43C4B1B685C6844F002045C605C683B
:1089D00044F001045C601C6844F040041C60364BA9
:1089E0001C68236823F00103236003E01C6824F063
:1089F00001041C60304B1B681C6814F0010FF5D19A
:108A00002E4CA34212D9583C4FF40015E5602C4C73
:108A10009C60D9605A60196841F010011960294BB7
:108A200019680B6823F001030B6019E0264CA34280
:108A300005D904F552744FF40015A560E7E7234CFF
:108A4000A34204D9583C4FF40015E560DFE7204C01
:108A50004FF40015A560DAE7196821F001011960EB
:108A6000184B1B68196811F0010FF5D113498B429F
:108A700009D958394FF00064CC6011499960D86029
:108A80005A6030BC704710498B4205D901F55271CC
:108A90004FF000648C60F0E70C498B4204D95839E0
:108AA0004FF00064CC60E8E709494FF000648C6047
:108AB000E3E700BF6C0C00200C0C0020586402405F
:108AC0000C300140AC0B0020B860024058600240FE
:108AD0000060024030B4AD4B1C68236823F00103F2
:108AE0002360AB4B1C68236823F00103236003E081
:108AF0001C6824F001041C60A44B1B681C6814F063
:108B0000010FF5D103E01C6824F001041C60A04BA8
:108B10001B681C6814F0010FF5D19E4CE46C2468AE
:108B20009D4DAC4240F29A80A5F58965AC4231D0AA
:108B300005F58065AC4276D0A5F56875AC4274D079
:108B400005F58065AC4272D0A5F58965AC4270D060
:108B500005F58065AC426FD0A5F56875AC426ED066
:108B600005F58065AC426DD0A5F58965AC426CD049
:108B700005F58065AC426BD0A5F56875AC426AD04E
:108B800005F58065AC4202D04FF0006503E04FF47C
:108B9000001500E02025814CE5607E4CE46C2468E3
:108BA0007D4DAC4240F2D481A5F58965AC4200F020
:108BB0006B8105F58065AC4200F0AF81A5F5687565
:108BC000AC4200F0AC8105F58065AC4200F0A981B3
:108BD000A5F58965AC4200F0A68105F58065AC423B
:108BE00000F0A481A5F56875AC4200F0A28105F5FE
:108BF0008065AC4200F0A081A5F58965AC4200F02B
:108C00009E8105F58065AC4200F09C81A5F56875F4
:108C1000AC4200F09A8105F58065AC4200F03181EC
:108C20004FF0806531E12025B5E72025B3E7202509
:108C3000B1E74FF40065AEE74FF40065ABE74FF4E2
:108C40000065A8E74FF40065A5E74FF40015A2E71B
:108C50004FF400159FE74FF400159CE7504DAC42D0
:108C600053D9A83DAC4231D005F58065AC4231D036
:108C7000A5F56875AC422FD005F58065AC422DD0C6
:108C8000A5F58965AC422BD005F58065AC422AD0AC
:108C9000A5F56875AC4229D005F58065AC4228D0B1
:108CA000A5F58965AC4227D005F58065AC4226D094
:108CB000A5F56875AC4225D005F58065AC4202D0BB
:108CC0004FF0006403E04FF4001400E02024334D23
:108CD000AC6062E72024FAE72024F8E72024F6E7D6
:108CE0004FF40064F3E74FF40064F0E74FF40064DE
:108CF000EDE74FF40064EAE74FF40014E7E74FF4C0
:108D00000014E4E74FF40014E1E7264DAC4264D9C7
:108D1000483DAC4231D005F58065AC4231D0A5F577
:108D20006875AC422FD005F58065AC423ED0A5F504
:108D30008965AC423CD005F58065AC423BD0A5F5D9
:108D40006875AC423AD005F58065AC4239D0A5F5DE
:108D50008965AC4238D005F58065AC4237D0A5F5C1
:108D60006875AC4236D005F58065AC4202D04FF054
:108D7000006403E04FF4001400E020240A4DEC608E
:108D80000BE72024FAE72024F8E700BF0C0C0020B2
:108D9000AC0B00206C0C00205864024000640240C0
:108DA000B860024058600240006002402024E5E7BD
:108DB0004FF40064E2E74FF40064DFE74FF400642F
:108DC000DCE74FF40064D9E74FF40014D6E74FF422
:108DD0000014D3E74FF40014D0E7B14DAC4231D0CA
:108DE00005F58065AC4231D0A5F56875AC422FD051
:108DF00005F58065AC422DD0A5F58965AC422BD038
:108E000005F58065AC422AD0A5F56875AC4229D03D
:108E100005F58065AC4228D0A5F58965AC4227D020
:108E200005F58065AC4226D0A5F56875AC4225D025
:108E300005F58065AC4202D04FF0006403E04FF4CA
:108E4000001400E02024974DAC60A6E62024FAE749
:108E50002024F8E72024F6E74FF40064F3E74FF40A
:108E60000064F0E74FF40064EDE74FF40064EAE7D4
:108E70004FF40014E7E74FF40014E4E74FF4001454
:108E8000E1E74FF4801500E01025874CE560874C42
:108E9000E46C2468864DAC4240F2D181A5F5896529
:108EA000AC4200F0688105F58065AC4200F0AC8111
:108EB000A5F56875AC4200F0A98105F58065AC4266
:108EC00000F0A681A5F58965AC4200F0A38105F507
:108ED0008065AC4200F0A181A5F56875AC4200F058
:108EE0009F8105F58065AC4200F09D81A5F58965FF
:108EF000AC4200F09B8105F58065AC4200F09981A1
:108F0000A5F56875AC4200F0978105F58065AC4227
:108F100000F02E814FF000752EE11025B5E71025E9
:108F2000B3E71025B1E74FF48065AEE74FF48065F5
:108F3000ABE74FF48065A8E74FF48065A5E74FF4F1
:108F40008015A2E74FF480159FE74FF480159CE74A
:108F5000584DAC4253D9A83DAC4231D005F580659F
:108F6000AC4231D0A5F56875AC422FD005F58065CF
:108F7000AC422DD0A5F58965AC422BD005F58065B6
:108F8000AC422AD0A5F56875AC4229D005F58065BC
:108F9000AC4228D0A5F58965AC4227D005F580659F
:108FA000AC4226D0A5F56875AC4225D005F58065A4
:108FB000AC4202D04FF0806403E04FF4801400E034
:108FC0001024394DAC6062E71024FAE71024F8E76A
:108FD0001024F6E74FF48064F3E74FF48064F0E781
:108FE0004FF48064EDE74FF48064EAE74FF48014B7
:108FF000E7E74FF48014E4E74FF48014E1E72E4DE7
:10900000AC4261D9483DAC4231D005F58065AC42F7
:1090100031D0A5F56875AC422FD005F58065AC421E
:109020002DD0A5F58965AC422BD005F58065AC4205
:109030002AD0A5F56875AC4229D005F58065AC420B
:1090400028D0A5F58965AC4227D005F58065AC42EE
:1090500034D0A5F56875AC4233D005F58065AC42D7
:1090600002D04FF0806403E04FF4801400E010243D
:109070000C4DEC600BE71024FAE71024F8E71024FD
:10908000F6E74FF48064F3E74FF48064F0E74FF4C1
:109090008064EDE74FF48064EAE74FF48014E7E77B
:1090A0001060024000600240006402406C0C00202E
:1090B00058640240B8600240586002404FF4801487
:1090C000D6E74FF48014D3E7B14DAC4231D005F56B
:1090D0008065AC4231D0A5F56875AC422FD005F55E
:1090E0008065AC422DD0A5F58965AC422BD005F545
:1090F0008065AC422AD0A5F56875AC4229D005F54B
:109100008065AC4228D0A5F58965AC4227D005F52D
:109110008065AC4226D0A5F56875AC4225D005F532
:109120008065AC4202D04FF0806403E04FF48014BD
:1091300000E01024974DAC60A9E61024FAE7102453
:10914000F8E71024F6E74FF48064F3E74FF4806407
:10915000F0E74FF48064EDE74FF48064EAE74FF402
:109160008014E7E74FF48014E4E74FF48014E1E75C
:109170004FF4002500E00825874CE560874CE46C3F
:109180002468874DAC4240F2D281A5F58965AC4296
:1091900000F0698105F58065AC4200F0AD81A5F570
:1091A0006875AC4200F0AA8105F58065AC4200F01C
:1091B000A781A5F58965AC4200F0A48105F580651D
:1091C000AC4200F0A281A5F56875AC4200F0A08128
:1091D00005F58065AC4200F09E81A5F58965AC423D
:1091E00000F09C8105F58065AC4200F09A81A5F500
:1091F0006875AC4200F0988105F58065AC4200F0DE
:109200002F814FF080752FE10825B5E70825B3E7DA
:109210000825B1E74FF40075AEE74FF40075ABE7F2
:109220004FF40075A8E74FF40075A5E74FF400254B
:10923000A2E74FF400259FE74FF400259CE7594D26
:10924000AC4253D9A83DAC4231D005F58065AC4263
:1092500031D0A5F56875AC422FD005F58065AC42DC
:109260002DD0A5F58965AC422BD005F58065AC42C3
:109270002AD0A5F56875AC4229D005F58065AC42C9
:1092800028D0A5F58965AC4227D005F58065AC42AC
:1092900026D0A5F56875AC4225D005F58065AC42B1
:1092A00002D04FF0007403E04FF4002400E00824E3
:1092B000394DAC6062E70824FAE70824F8E708248F
:1092C000F6E74FF40074F3E74FF40074F0E74FF45F
:1092D0000074EDE74FF40074EAE74FF40024E7E789
:1092E0004FF40024E4E74FF40024E1E72E4DAC42B4
:1092F00062D9483DAC4231D005F58065AC4231D0F1
:10930000A5F56875AC422FD005F58065AC422DD02F
:10931000A5F58965AC422BD005F58065AC422AD015
:10932000A5F56875AC4229D005F58065AC4228D01A
:10933000A5F58965AC4227D005F58065AC4235D0EE
:10934000A5F56875AC4234D005F58065AC4202D015
:109350004FF0007403E04FF4002400E008240D4DAA
:10936000EC600BE70824FAE70824F8E70824F6E79E
:109370004FF40074F3E74FF40074F0E74FF4007417
:10938000EDE74FF40074EAE74FF40024E7E700BF8D
:109390001060024000600240006402406C0C00203B
:1093A00058640240B8600240586002404FF4002404
:1093B000D5E74FF40024D2E7B14DAC4231D005F5EA
:1093C0008065AC4231D0A5F56875AC422FD005F56B
:1093D0008065AC422DD0A5F58965AC422BD005F552
:1093E0008065AC422AD0A5F56875AC4229D005F558
:1093F0008065AC4228D0A5F58965AC4227D005F53B
:109400008065AC4226D0A5F56875AC4225D005F53F
:109410008065AC4202D04FF0007403E04FF40024AA
:1094200000E00824974DAC60A8E60824FAE7082479
:10943000F8E70824F6E74FF40074F3E74FF40074FC
:10944000F0E74FF40074EDE74FF40074EAE74FF4EF
:109450000024E7E74FF40024E4E74FF40024E1E7B9
:109460004FF4802500E00425874CE560874CE46CD0
:109470002468874DAC4240F2CE81A5F58965AC42A7
:1094800000F0698105F58065AC4200F0AD81A5F57D
:109490006875AC4200F0AA8105F58065AC4200F029
:1094A000A781A5F58965AC4200F0A48105F580652A
:1094B000AC4200F0A181A5F56875AC4200F09E8138
:1094C00005F58065AC4200F09B81A5F58965AC424D
:1094D00000F0988105F58065AC4200F09681A5F515
:1094E0006875AC4200F0948105F58065AC4200F0EF
:1094F0002F814FF480052FE10425B5E70425B3E75C
:109500000425B1E74FF48075AEE74FF48075ABE703
:109510004FF48075A8E74FF48075A5E74FF48025D8
:10952000A2E74FF480259FE74FF480259CE7594D33
:10953000AC4253D9A83DAC4231D005F58065AC4270
:1095400031D0A5F56875AC422FD005F58065AC42E9
:109550002DD0A5F58965AC422BD005F58065AC42D0
:109560002AD0A5F56875AC4229D005F58065AC42D6
:1095700028D0A5F58965AC4227D005F58065AC42B9
:1095800026D0A5F56875AC4225D005F58065AC42BE
:1095900002D04FF0807403E04FF4802400E00424F4
:1095A000394DAC6062E70424FAE70424F8E70424A8
:1095B000F6E74FF48074F3E74FF48074F0E74FF46C
:1095C0008074EDE74FF48074EAE74FF48024E7E716
:1095D0004FF48024E4E74FF48024E1E72E4DAC42C1
:1095E00062D9483DAC4231D005F58065AC4231D0FE
:1095F000A5F56875AC422FD005F58065AC422DD03D
:10960000A5F58965AC422BD005F58065AC422AD022
:10961000A5F56875AC4229D005F58065AC4228D027
:10962000A5F58965AC4227D005F58065AC4235D0FB
:10963000A5F56875AC4234D005F58065AC4202D022
:109640004FF0807403E04FF4802400E004240D4DBB
:10965000EC600BE70424FAE70424F8E70424F6E7B7
:109660004FF48074F3E74FF48074F0E74FF48074A4
:10967000EDE74FF48074EAE74FF48024E7E700BF9A
:109680001060024000600240006402406C0C002048
:1096900058640240B8600240586002404FF4802491
:1096A000D5E74FF48024D2E7AE4DAC4231D005F57A
:1096B0008065AC4231D0A5F56875AC422FD005F578
:1096C0008065AC422DD0A5F58965AC422BD005F55F
:1096D0008065AC422AD0A5F56875AC4229D005F565
:1096E0008065AC4228D0A5F58965AC4227D005F548
:1096F0008065AC4226D0A5F56875AC4225D005F54D
:109700008065AC4202D04FF0807403E04FF48024B7
:1097100000E00424944DAC60A8E60424FAE7042495
:10972000F8E70424F6E74FF48074F3E74FF480740D
:10973000F0E74FF48074EDE74FF48074EAE74FF4FC
:109740008024E7E74FF48024E4E74FF48024E1E746
:109750004FF4803500E00125844CE560844CA46C16
:109760002468844DAC4240F2C281A5F58965AC42C3
:1097700000F0598105F58065AC4200F09D81A5F5AA
:109780006875AC4200F09A8105F58065AC4200F046
:109790009781A5F58965AC4200F0948105F5806557
:1097A000AC4200F09281A5F56875AC4200F0908162
:1097B00005F58065AC4200F08E81A5F58965AC4267
:1097C00000F08C8105F58065AC4200F08A81A5F53A
:1097D0006875AC4200F0888105F58065AC4200F008
:1097E0001F814FF000651FE10125B5E70125B3E7B3
:1097F0000125B1E74025AFE74025ADE74025ABE7C0
:109800004025A9E74FF48035A6E74FF48035A3E75C
:109810004FF48035A0E7584DAC424FD9A83DAC423B
:1098200031D005F58065AC4231D0A5F56875AC4204
:109830002FD005F58065AC422DD0A5F58965AC42E9
:109840002BD005F58065AC4229D0A5F56875AC42F2
:1098500027D005F58065AC4225D0A5F58965AC42D9
:1098600023D005F58065AC4222D0A5F56875AC42E1
:1098700021D005F58065AC4202D04FF4800403E0AE
:109880004FF4803400E00124384DAC6066E70124D9
:10989000FAE70124F8E70124F6E74024F4E740243E
:1098A000F2E74024F0E74024EEE74FF48034EBE7A2
:1098B0004FF48034E8E74FF48034E5E72F4DAC42B5
:1098C0005ED9483DAC4231D005F58065AC4231D01F
:1098D000A5F56875AC422FD005F58065AC422DD05A
:1098E000A5F58965AC422BD005F58065AC4229D041
:1098F000A5F56875AC4227D005F58065AC4225D04A
:10990000A5F58965AC4223D005F58065AC4222D02F
:10991000A5F56875AC4221D005F58065AC4202D052
:109920004FF4800403E04FF4803400E001240E4D36
:10993000EC6013E70124FAE70124F8E70124F6E7D5
:109940004024F4E74024F2E74024F0E74024EEE727
:109950004FF48034EBE74FF48034E8E74FF4803481
:10996000E5E700BF10600240006002400064024072
:109970006C0C002058640240B860024058600240FD
:10998000B04DAC4231D005F58065AC4231D0A5F583
:109990006875AC422FD005F58065AC422DD0A5F599
:1099A0008965AC422BD005F58065AC4229D0A5F580
:1099B0006875AC4227D005F58065AC4225D0A5F589
:1099C0008965AC4223D005F58065AC4222D0A5F56F
:1099D0006875AC4221D005F58065AC4202D04FF4E9
:1099E000800403E04FF4803400E00124964DAC6025
:1099F000B4E60124FAE70124F8E70124F6E740245D
:109A0000F4E74024F2E74024F0E74024EEE74FF487
:109A10008034EBE74FF48034E8E74FF48034E5E737
:109A20004FF4001500E02025884CE560884CA46CBC
:109A30002468884DAC4240F2D181A5F58965AC42DD
:109A400000F0688105F58065AC4200F0AC81A5F5B9
:109A50006875AC4200F0A98105F58065AC4200F064
:109A6000A681A5F58965AC4200F0A38105F5806566
:109A7000AC4200F0A181A5F56875AC4200F09F8171
:109A800005F58065AC4200F09D81A5F58965AC4285
:109A900000F09B8105F58065AC4200F09981A5F549
:109AA0006875AC4200F0978105F58065AC4200F026
:109AB0002E814FF080652EE12025B5E72025B3E704
:109AC0002025B1E74FF40065AEE74FF40065ABE742
:109AD0004FF40065A8E74FF40065A5E74FF40015C3
:109AE000A2E74FF400159FE74FF400159CE75A4D8D
:109AF000AC4253D9A83DAC4231D005F58065AC42AB
:109B000031D0A5F56875AC422FD005F58065AC4223
:109B10002DD0A5F58965AC422BD005F58065AC420A
:109B20002AD0A5F56875AC4229D005F58065AC4210
:109B300028D0A5F58965AC4227D005F58065AC42F3
:109B400026D0A5F56875AC4225D005F58065AC42F8
:109B500002D04FF0006403E04FF4001400E0202432
:109B60003A4DAC6062E72024FAE72024F8E720248D
:109B7000F6E74FF40064F3E74FF40064F0E74FF4C6
:109B80000064EDE74FF40064EAE74FF40014E7E700
:109B90004FF40014E4E74FF40014E1E72F4DAC421A
:109BA00061D9483DAC4231D005F58065AC4231D039
:109BB000A5F56875AC422FD005F58065AC422DD077
:109BC000A5F58965AC422BD005F58065AC422AD05D
:109BD000A5F56875AC4229D005F58065AC4228D062
:109BE000A5F58965AC4227D005F58065AC4226D045
:109BF000A5F56875AC4233D005F58065AC4202D05E
:109C00004FF0006403E04FF4001400E020240E4DF8
:109C1000EC600BE72024FAE72024F8E72024F6E79D
:109C20004FF40064F3E74FF40064F0E74FF400648E
:109C3000EDE74FF40064EAE74FF40014E7E74FF470
:109C40000014E4E71060024000600240006402403B
:109C50006C0C002058640240B8600240586002401A
:109C60004FF40014D3E7B14DAC4231D005F5806517
:109C7000AC4231D0A5F56875AC422FD005F58065B2
:109C8000AC422DD0A5F58965AC422BD005F5806599
:109C9000AC422AD0A5F56875AC4229D005F580659F
:109CA000AC4228D0A5F58965AC4227D005F5806582
:109CB000AC4226D0A5F56875AC4225D005F5806587
:109CC000AC4202D04FF0006403E04FF4001400E017
:109CD0002024974DAC60A9E62024FAE72024F8E779
:109CE0002024F6E74FF40064F3E74FF40064F0E754
:109CF0004FF40064EDE74FF40064EAE74FF400141A
:109D0000E7E74FF40014E4E74FF40014E1E74FF401
:109D1000801500E01025874CE560874CA46C246812
:109D2000864DAC4240F2D181A5F58965AC4200F088
:109D3000688105F58065AC4200F0AC81A5F56875D9
:109D4000AC4200F0A98105F58065AC4200F0A68127
:109D5000A5F58965AC4200F0A38105F58065AC42AC
:109D600000F0A181A5F56875AC4200F09F8105F572
:109D70008065AC4200F09D81A5F58965AC4200F09C
:109D80009B8105F58065AC4200F09981A5F5687569
:109D9000AC4200F0978105F58065AC4200F02E8161
:109DA0004FF000752EE11025B5E71025B3E710251B
:109DB000B1E74FF48065AEE74FF48065ABE74FF451
:109DC0008065A8E74FF48065A5E74FF48015A2E70A
:109DD0004FF480159FE74FF480159CE7584DAC4237
:109DE00053D9A83DAC4231D005F58065AC4231D0A5
:109DF000A5F56875AC422FD005F58065AC422DD035
:109E0000A5F58965AC422BD005F58065AC422AD01A
:109E1000A5F56875AC4229D005F58065AC4228D01F
:109E2000A5F58965AC4227D005F58065AC4226D002
:109E3000A5F56875AC4225D005F58065AC4202D029
:109E40004FF0806403E04FF4801400E01024394D9B
:109E5000AC6062E71024FAE71024F8E71024F6E774
:109E60004FF48064F3E74FF48064F0E74FF48064CC
:109E7000EDE74FF48064EAE74FF48014E7E74FF42E
:109E80008014E4E74FF48014E1E72E4DAC4261D931
:109E9000483DAC4231D005F58065AC4231D0A5F5E6
:109EA0006875AC422FD005F58065AC422DD0A5F584
:109EB0008965AC422BD005F58065AC422AD0A5F56A
:109EC0006875AC4229D005F58065AC4228D0A5F56F
:109ED0008965AC4227D005F58065AC4234D0A5F544
:109EE0006875AC4233D005F58065AC4202D04FF0C6
:109EF000806403E04FF4801400E010240C4DEC600B
:109F00000BE71024FAE71024F8E71024F6E74FF4E3
:109F10008064F3E74FF48064F0E74FF48064EDE78A
:109F20004FF48064EAE74FF48014E7E710600240E2
:109F300000600240006402406C0C00205864024043
:109F4000B8600240586002404FF48014D6E74FF4E6
:109F50008014D3E7B14DAC4231D005F58065AC42F9
:109F600031D0A5F56875AC422FD005F58065AC42BF
:109F70002DD0A5F58965AC422BD005F58065AC42A6
:109F80002AD0A5F56875AC4229D005F58065AC42AC
:109F900028D0A5F58965AC4227D005F58065AC428F
:109FA00026D0A5F56875AC4225D005F58065AC4294
:109FB00002D04FF0806403E04FF4801400E01024DE
:109FC000974DAC60A9E61024FAE71024F8E71024B6
:109FD000F6E74FF48064F3E74FF48064F0E74FF462
:109FE0008064EDE74FF48064EAE74FF48014E7E71C
:109FF0004FF48014E4E74FF48014E1E74FF40025B8
:10A0000000E00825874CE560874CA46C2468874DE8
:10A01000AC4240F2D281A5F58965AC4200F069817D
:10A0200005F58065AC4200F0AD81A5F56875AC42E0
:10A0300000F0AA8105F58065AC4200F0A781A5F586
:10A040008965AC4200F0A48105F58065AC4200F062
:10A05000A281A5F56875AC4200F0A08105F5806588
:10A06000AC4200F09E81A5F58965AC4200F09C8170
:10A0700005F58065AC4200F09A81A5F56875AC42A3
:10A0800000F0988105F58065AC4200F02F814FF01B
:10A0900080752FE10825B5E70825B3E70825B1E766
:10A0A0004FF40075AEE74FF40075ABE74FF4007561
:10A0B000A8E74FF40075A5E74FF40025A2E74FF499
:10A0C00000259FE74FF400259CE7594DAC4253D93A
:10A0D000A83DAC4231D005F58065AC4231D0A5F544
:10A0E0006875AC422FD005F58065AC422DD0A5F542
:10A0F0008965AC422BD005F58065AC422AD0A5F528
:10A100006875AC4229D005F58065AC4228D0A5F52C
:10A110008965AC4227D005F58065AC4226D0A5F50F
:10A120006875AC4225D005F58065AC4202D04FF091
:10A13000007403E04FF4002400E00824394DAC60C3
:10A1400062E70824FAE70824F8E70824F6E74FF462
:10A150000074F3E74FF40074F0E74FF40074EDE798
:10A160004FF40074EAE74FF40024E7E74FF40024CB
:10A17000E4E74FF40024E1E72E4DAC4262D9483DBC
:10A18000AC4231D005F58065AC4231D0A5F568759B
:10A19000AC422FD005F58065AC422DD0A5F5896580
:10A1A000AC422BD005F58065AC422AD0A5F5687588
:10A1B000AC4229D005F58065AC4228D0A5F589656B
:10A1C000AC4227D005F58065AC4235D0A5F5687561
:10A1D000AC4234D005F58065AC4202D04FF000743B
:10A1E00003E04FF4002400E008240D4DEC600BE781
:10A1F0000824FAE70824F8E70824F6E74FF4007487
:10A20000F3E74FF40074F0E74FF40074EDE74FF418
:10A210000074EAE74FF40024E7E700BF1060024053
:10A2200000600240006402406C0C00205864024050
:10A23000B8600240586002404FF40024D5E74FF464
:10A240000024D2E7B14DAC4231D005F58065AC4277
:10A2500031D0A5F56875AC422FD005F58065AC42CC
:10A260002DD0A5F58965AC422BD005F58065AC42B3
:10A270002AD0A5F56875AC4229D005F58065AC42B9
:10A2800028D0A5F58965AC4227D005F58065AC429C
:10A2900026D0A5F56875AC4225D005F58065AC42A1
:10A2A00002D04FF0007403E04FF4002400E00824D3
:10A2B000974DAC60A8E60824FAE70824F8E70824DC
:10A2C000F6E74FF40074F3E74FF40074F0E74FF44F
:10A2D0000074EDE74FF40074EAE74FF40024E7E779
:10A2E0004FF40024E4E74FF40024E1E74FF4802525
:10A2F00000E00425874CE560874CA46C2468874DFA
:10A30000AC4240F29A81A5F58965AC4200F06981C2
:10A3100005F58065AC4200F07981A5F56875AC4221
:10A3200000F0768105F58065AC4200F07381A5F5FB
:10A330008965AC4200F0708105F58065AC4200F0A3
:10A340006D81A5F56875AC4200F06A8105F5806500
:10A35000AC4200F06781A5F58965AC4200F06481EC
:10A3600005F58065AC4200F06281A5F56875AC42E8
:10A3700000F0608105F58065AC4200F02F814FF45C
:10A3800080052FE10425B5E70425B3E70425B1E7EF
:10A390004FF48075AEE74FF48075ABE74FF48075EE
:10A3A000A8E74FF48075A5E74FF48025A2E74FF4A6
:10A3B00080259FE74FF480259CE7594DAC4253D947
:10A3C000A83DAC4231D005F58065AC4231D0A5F551
:10A3D0006875AC422FD005F58065AC422DD0A5F54F
:10A3E0008965AC422BD005F58065AC422AD0A5F535
:10A3F0006875AC4229D005F58065AC4228D0A5F53A
:10A400008965AC4227D005F58065AC4226D0A5F51C
:10A410006875AC4225D005F58065AC4202D04FF09E
:10A42000807403E04FF4802400E00424394DAC60D4
:10A4300062E70424FAE70424F8E70424F6E74FF47B
:10A440008074F3E74FF48074F0E74FF48074EDE725
:10A450004FF48074EAE74FF48024E7E74FF4802458
:10A46000E4E74FF48024E1E72E4DAC4262D9483D49
:10A47000AC4231D005F58065AC4231D0A5F56875A8
:10A48000AC422FD005F58065AC422DD0A5F589658D
:10A49000AC422BD005F58065AC422AD0A5F5687595
:10A4A000AC4229D005F58065AC4228D0A5F5896578
:10A4B000AC4227D005F58065AC4235D0A5F568756E
:10A4C000AC4234D005F58065AC4202D04FF08074C8
:10A4D00003E04FF4802400E004240D4DEC600BE712
:10A4E0000424FAE70424F8E70424F6E74FF4807420
:10A4F000F3E74FF48074F0E74FF48074EDE74FF426
:10A500008074EAE74FF48024E7E700BF1060024060
:10A5100000600240006402406C0C0020586402405D
:10A52000B8600240586002404FF48024D5E74FF4F1
:10A530008024D2E7944DAC4231D005F58065AC4221
:10A5400031D0A5F56875AC422FD005F58065AC42D9
:10A550002DD0A5F58965AC422BD005F58065AC42C0
:10A560002AD0A5F56875AC4229D005F58065AC42C6
:10A5700028D0A5F58965AC4227D005F58065AC42A9
:10A5800026D0A5F56875AC4225D005F58065AC42AE
:10A5900002D04FF0807403E04FF4802400E00424E4
:10A5A0007A4DAC60A8E60424FAE70424F8E7042412
:10A5B000F6E74FF48074F3E74FF48074F0E74FF45C
:10A5C0008074EDE74FF48074EAE74FF48024E7E706
:10A5D0004FF48024E4E74FF48024E1E74FF4803522
:10A5E00000E001256A4CE5606A4C2468E160D860AF
:10A5F00062605A60236843F001032360664B1A6867
:10A60000136843F00103136030BC70470125E9E78C
:10A610000125E7E70125E5E74025E3E74025E1E7F8
:10A620004025DFE74025DDE74FF48035DAE74FF4DA
:10A630008035D7E74FF48035D4E7584DAC424FD939
:10A64000A83DAC4231D005F58065AC4231D0A5F5CE
:10A650006875AC422FD005F58065AC422DD0A5F5CC
:10A660008965AC422BD005F58065AC4229D0A5F5B3
:10A670006875AC4227D005F58065AC4225D0A5F5BC
:10A680008965AC4223D005F58065AC4222D0A5F5A2
:10A690006875AC4221D005F58065AC4202D04FF41C
:10A6A000800403E04FF4803400E00124384DAC60B6
:10A6B0009AE70124FAE70124F8E70124F6E74024A9
:10A6C000F4E74024F2E74024F0E74024EEE74FF4BB
:10A6D0008034EBE74FF48034E8E74FF48034E5E76B
:10A6E0002F4DAC425ED9483DAC4231D005F5806576
:10A6F000AC4231D0A5F56875AC422FD005F5806528
:10A70000AC422DD0A5F58965AC422BD005F580650E
:10A71000AC4229D0A5F56875AC4227D005F5806517
:10A72000AC4225D0A5F58965AC4223D005F58065FE
:10A73000AC4222D0A5F56875AC4221D005F5806504
:10A74000AC4202D04FF4800403E04FF4803400E0C8
:10A7500001240E4DEC6047E70124FAE70124F8E7F5
:10A760000124F6E74024F4E74024F2E74024F0E730
:10A770004024EEE74FF48034EBE74FF48034E8E711
:10A780004FF48034E5E700BF1060024000600240F3
:10A79000006402400C0C0020AC0B0020B8600240AA
:10A7A00058600240274DAC4231D005F58065AC427F
:10A7B00031D0A5F56875AC422FD005F58065AC4267
:10A7C0002DD0A5F58965AC422BD005F58065AC424E
:10A7D00029D0A5F56875AC4227D005F58065AC4257
:10A7E00025D0A5F58965AC4223D005F58065AC423E
:10A7F00022D0A5F56875AC4221D005F58065AC4244
:10A8000002D04FF4800403E04FF4803400E00124D0
:10A810000D4DAC60E8E60124FAE70124F8E70124D5
:10A82000F6E74024F4E74024F2E74024F0E7402430
:10A83000EEE74FF48034EBE74FF48034E8E74FF471
:10A840008034E5E710600240006002404FF07E5324
:10A850000360002343608360C360704710B52DED33
:10A86000068B0446B0EE409AF0EE609AB0EE418A54
:10A87000F0EE618AB0EE42AAF0EE62AAF5EE401A5E
:10A88000F1EE10FA0AD1B5EE402AF1EE10FA05D138
:10A89000F5EE402AF1EE10FA00F0938068EEA87A07
:10A8A0002AEE0A7A77EE877A2AEEAA0A37EE800A2B
:10A8B00000F07EFB68EE808A2AEE00AA6AEE80AA8B
:10A8C00094ED017AD4ED036A27EE266AD4ED007A7E
:10A8D000D4ED025A27EEA55A36EE456A27EE277ABE
:10A8E00066EEA55A37EE257A67EEA77AF6EE005A9D
:10A8F00077EEE57A66EEA66A77EEA67A6AEE276AC2
:10A900006AEE875A76EEE56A6AEE86AA68EEA77A5C
:10A910007AEEE7AA68EE878A2AEE06AA78EECA8A55
:10A92000654BD3ED007AF5EEC07AF1EE10FA40F304
:10A93000BB80D3ED007A67EEA67A9FED607A67EE72
:10A94000877A5F4991ED006A76EE277AC1ED007A49
:10A95000D3ED007A67EEAA7A67EE877A594A92EDCC
:10A96000006A76EE277AC2ED007AD3ED007A67EEC0
:10A97000A87A67EE877A544B93ED007A77EE277AC0
:10A98000C3ED007AD1ED007A39EE279AD2ED007A44
:10A9900079EEA79AD3ED007A38EE278A4B4BD3EDA8
:10A9A000007A67EEA67A39EE279AD3ED007A67EE41
:10A9B000AAAA79EEAA9AD3ED007A67EEA87A38EEC1
:10A9C000278ADFED437A29EE270A69EEA70A28EEE7
:10A9D000271AD4ED004A94ED015AD4ED025A65EEDF
:10A9E000407A20EEA57A77EEC77A94ED036A26EED8
:10A9F000017A77EEC77A77EEA47AC4ED007A60EE3A
:10AA0000246A21EE257A76EE876A26EE207A76EEA3
:10AA1000C76A76EE856AC4ED016A20EEA47A21EE5B
:10AA2000054A37EE447A26EE004A37EE047A37EECE
:10AA3000257A84ED027A21EE241A60EE850A31EE41
:10AA4000201A20EE250A31EE401A36EE016A84ED16
:10AA5000036A67EEA77A66EEA66A77EEA67A27EE15
:10AA6000077A77EE877A26EE066A37EE860A00F0D6
:10AA70009FFAD4ED007A67EE807AC4ED007AD4EDC7
:10AA8000017A67EE807AC4ED017AD4ED027A67EE3E
:10AA9000807AC4ED027AD4ED037A67EE807AC4ED51
:10AAA000037ABDEC068B10BD0023054A1360054AEE
:10AAB0001360054A136071E7D47B00206F12833A5C
:10AAC000D07B0020CC7B0020C87B0020EC01002044
:10AAD0006F12033A10B52DED108B86B00446B0EE20
:10AAE00040AAF0EE60AAB0EE418AF0EE618AB0EEC4
:10AAF00042BAB0EE62CAB0EE439AF0EE63BAF0EE3C
:10AB0000449AB5EE403AF1EE10FA0AD1F5EE403A29
:10AB1000F1EE10FA05D1B5EE404AF1EE10FA00F070
:10AB2000B981F5EE408AF1EE10FA0AD1B5EE40BADD
:10AB3000F1EE10FA05D1B5EE40CAF1EE10FA00F0D0
:10AB4000358168EEA87A2BEE0B7A77EE877A2CEEB9
:10AB50000C0A37EE800A00F02BFA68EE805ACDED31
:10AB6000025A2BEE005A8DED035A6CEE004ACDEDE1
:10AB7000044A69EE097A2BEEAB7A77EE877A29EEF2
:10AB8000A90A37EE800A00F013FA29EE009A6BEE5C
:10AB900080BA69EE809AD4ED007A27EEA77A8DED1F
:10ABA000057A94ED01BA27EE8BFAD4ED028A67EEAE
:10ABB000A8FA94ED03DA67EE8D7A6BEE0BCA6BEEB2
:10ABC000286A2BEE0DBA68EEA8EA68EE8D8A2DEEA3
:10ABD0000DDAB6EE00EA3EEE6ECA3CEE4DCA2CEE41
:10ABE000097A76EEE7DA2DEEAB6A37EE067A3FEEBB
:10ABF0008B6A8DED016A26EE296A37EE067A37EE0A
:10AC0000077A77EEA67A67EE897A7EEE6CCA7CEEDA
:10AC1000CD6A66EEAB6A77EEA67A78EECF6A66EE1C
:10AC2000A96A77EEA67A77EEA77A27EE077A67EE1B
:10AC3000A77A77EE277A17EE900AF5F725FC41EC14
:10AC4000100B01F001FB51EC100BF5F775FC07EE52
:10AC5000100A3BEE6FBA6BEE097A7FEE288A68EE37
:10AC6000AB6A77EEA67A7CEEEECA6CEEA96A77EE56
:10AC7000A67A77EEA77ADDED056A76EECE6A76EEF5
:10AC80008D6A2CEE07CA2BEE276A3CEE06CA6DEEE3
:10AC900087DA28EEA76A7DEE86DA9DED016A26EE58
:10ACA000077A6CEEA7CA77EE2C7A9DED035A25EE53
:10ACB000266ADDED044A28EEA47A36EE476A2BEECA
:10ACC000A77A69EEAD5A37EE657A36EE076A2BEE53
:10ACD000247ADDED025A65EEA66A37EE667A69EEF1
:10ACE0008C9A69EE277A79EEE79A37EE297A68EE40
:10ACF000A58A2BEE05BA78EECB8A29EE2D9A6BEE5B
:10AD00008CBA39EE6B9A78EE898A684BD3ED007A6B
:10AD1000F5EEC07AF1EE10FA40F3BF80D3ED007A81
:10AD200067EE867ADFED626A67EEA67A6149D1ED59
:10AD3000005A75EEA77AC1ED007AD3ED007A67EE7E
:10AD4000877A67EEA67A5C4AD2ED005A75EEA77A4A
:10AD5000C2ED007AD3ED007A67EEA87A67EEA67AA4
:10AD6000564BD3ED006A76EEA77AC3ED007AD1EDAB
:10AD7000007A3AEE27AAD2ED007A7AEEA7AAD3EDAE
:10AD8000007A38EE278A4E4BD3ED007A67EE867A4A
:10AD90003AEE27AAD3ED007A27EE877A7AEE87AAD1
:10ADA000D3ED007A67EEA87A38EE278ADFED457A90
:10ADB0002AEE27AA6AEEA7AA28EE278A94ED005A5F
:10ADC000D4ED015A94ED026A65EECA7A2AEE867ACB
:10ADD00077EEC77A94ED030A20EE087A77EEC77A09
:10ADE00077EE857AC4ED007A6AEE056A28EE067A77
:10ADF00076EE876A20EE2A7A76EEC76A76EEA56A44
:10AE0000C4ED016A2AEE857A68EE254A37EE647A47
:10AE100060EE0A4A37EE247A37EE067A84ED027A3B
:10AE200028EE058A6AEEA5AA38EE2A8A2AEE06AA34
:10AE300038EE4A8A30EE080A84ED030A67EEA77AF4
:10AE400066EEA66A77EEA67A27EE077A77EE877A1D
:10AE500020EE000A37EE800A00F0AAF8D4ED007A5E
:10AE600067EE807AC4ED007AD4ED017A67EE807ADD
:10AE7000C4ED017AD4ED027A67EE807AC4ED027AED
:10AE8000D4ED037A67EE807AC4ED037A06B0BDECA8
:10AE9000108B10BDFFF7E2FCF8E70023054A1360B2
:10AEA000054A1360054A13606DE700BFD47B00209C
:10AEB0006F12833AD07B0020CC7B0020C87B00201F
:10AEC000EC0100206F12033A08B593ED024AD3ED6E
:10AED000013A93ED003AD2ED022A92ED012AD2ED29
:10AEE000001A91ED021AD1ED010A91ED000AFFF767
:10AEF000F1FD08BDF8B52DED028B04460F46164650
:10AF00001D46D0ED000A90ED030A20EE800AD0ED38
:10AF1000017A90ED027A27EE877A30EE070A60EE2A
:10AF2000A00A67EEA77A70EEA70A70EEA00AB7EE45
:10AF3000008A70EEC80A30EE000A01F0E5F987EDEC
:10AF4000000AD4ED017A94ED037A67EE877A94EDE6
:10AF5000007AD4ED026A27EE267A77EEC77AB8EE49
:10AF6000000A27EE800A01F0A3F986ED000AD4ED6D
:10AF7000000A94ED010A20EE800A94ED027AD4EDE5
:10AF8000037A27EE277A30EE070A60EEA00A67EE12
:10AF9000A77A70EEA70A70EEA00A70EEC80A30EE2B
:10AFA000000A01F0B1F985ED000ABDEC028BF8BD95
:10AFB00008B501F0ABF9F7EE007A87EE800A08BD1C
:10AFC00000230360436180ED090AC0ED0A0A4FF0D7
:10AFD0007E52C2610362C26243607047D0ED007A64
:10AFE000F4EEC07AF1EE10FA01DD80ED000AD0ED4A
:10AFF000007AB1EE400AF4EEC07AF1EE10FA01D513
:10B0000080ED000A70470263C16280ED000AC0ED66
:10B01000010A80ED021A704710B5044680ED040A5B
:10B02000C0ED030A70EEC00AC0ED060AD0ED007A4A
:10B0300060EEA77AC0ED077AD0ED087A90ED017A3C
:10B0400020EE877A77EE877AC0ED087AD0ED027A23
:10B0500090ED057A70EEC70A67EEA07AC0ED097A26
:10B06000D0ED0C7AB8EE670A2030FFF7B7FFD4EDC9
:10B07000077A94ED087A77EE877A94ED097A77EE7D
:10B08000877AC4ED0A7AD4ED0B7AB8EE670A04F138
:10B090002800FFF7A3FFA369636194ED0A0A10BDBE
:10B0A0007047704708B5FAF7E4FB08BD08B5FDF72F
:10B0B000A5FA08BD08B5002210210248F8F756FD90
:10B0C00008BD00BF0000024008B50122102102485F
:10B0D000F8F74CFD08BD00BF0000024008B5002293
:10B0E00001210248F8F742FD08BD00BF00040240FC
:10B0F00008B5012211460248F8F738FD08BD00BF27
:10B100000004024000B587B08DF80F004FF47A7349
:10B11000009301230DF117020DF10F010348F9F718
:10B120008CF99DF8170007B05DF804FB6C0C00204B
:10B1300010B50C46FFF7E6FF2046FFF7E3FF10BD12
:10B1400010B50C4640F08000FFF7DCFF5520FFF7FC
:10B15000D9FF207010BD38B50D46144640F0800070
:10B16000FFF7D0FF06E05520FFF7CCFF05F8010BF5
:10B17000013CE4B2002CF6D138BD000070B582B0BD
:10B1800000238DF80730FFF795FF8020FFF7BAFF07
:10B190005520FFF7B7FF5520FFF7B4FF8DF80700E4
:10B1A000FFF792FF9620FFF781FFFFF783FF8020D4
:10B1B000FFF7A8FF5520FFF7A5FF5520FFF7A2FFD7
:10B1C0008DF80700FFF780FF9620FFF76FFFFFF76E
:10B1D00071FFB6217E20FFF7ABFFFFF775FF502010
:10B1E000FFF760FFFFF766FF8020FFF78BFF55201A
:10B1F000FFF788FF5520FFF785FF8DF80700FFF761
:10B2000063FF9620FFF752FFFFF754FF8020FFF700
:10B2100079FF5520FFF776FF5520FFF773FF8DF874
:10B220000700FFF751FF9620FFF740FF9DF807301A
:10B23000DBB21E2B37D10024052C31D8FFF73AFFA3
:10B240001A4A04EB4403D1184D78D65C294630469F
:10B25000FFF76EFFFFF738FF9620FFF727FFFFF796
:10B2600029FF46F08000FFF74DFF5520FFF74AFF0A
:10B270005520FFF747FF8DF80700FFF725FF9620C1
:10B28000FFF714FF9DF80730DBB29D4202D1013475
:10B29000E4B2D1E704EB4404044B2344987800E083
:10B2A000002002B070BDFF20FBE700BFC0CB00084C
:10B2B00070B582B000248DF80740FFF70FFF0DF145
:10B2C00007012046FFF73CFFFFF712FF9620FFF72C
:10B2D000EDFEFFF703FF0DF107012046FFF730FFFA
:10B2E000FFF706FF9620FFF7E1FEFFF7F7FEB62116
:10B2F0001420FFF71DFFFFF7FBFE5020FFF7D2FEE3
:10B30000FFF7ECFE0DF107012046FFF719FFFFF7ED
:10B31000EFFE9620FFF7CAFEFFF7E0FE0DF10701F2
:10B320002046FFF70DFFFFF7E3FE9620FFF7BEFE76
:10B330009DF807300F2B2ED1052C29D8FFF7CEFE14
:10B34000164A04EB4403D1184D78D65C29463046A2
:10B35000FFF7EEFEFFF7CCFE9620FFF7A7FEFFF704
:10B36000BDFE0DF107013046FFF7EAFEFFF7C0FE14
:10B370009620FFF79BFE9DF807309D4202D10134D5
:10B38000E4B2D9E704EB4404044B2344987800E08A
:10B39000002002B070BDFF20FBE700BFACCB00086F
:10B3A000F0B587B0BE4B93E803000190ADF80810EC
:10B3B00000238DF80330FFF77DFE8020FFF7A2FE0B
:10B3C0005520FFF79FFE5520FFF79CFE8DF80300E8
:10B3D000FFF77AFE9620FFF769FEFFF76BFE8020ED
:10B3E000FFF790FE5520FFF78DFE5520FFF78AFEF0
:10B3F0008DF80300FFF768FE9620FFF757FEFFF772
:10B4000059FEB6217E20FFF793FEFFF75DFE502028
:10B41000FFF748FEFFF74EFE8020FFF773FE552032
:10B42000FFF770FE5520FFF76DFE8DF80300FFF764
:10B430004BFE9620FFF73AFEFFF73CFE8020FFF719
:10B4400061FE5520FFF75EFE5520FFF75BFE8DF88D
:10B450000300FFF739FE9620FFF728FE9DF8033022
:10B46000DBB21E2B40F00F810024032C34D8FFF7F1
:10B4700021FE8C4A04EB4403D118D65C4D78294652
:10B480003046FFF755FEFFF71FFE9620FFF70EFE32
:10B49000FFF710FE46F08000FFF734FE5520FFF75F
:10B4A00031FE5520FFF72EFE8DF80300FFF70CFE4E
:10B4B0009620FFF7FBFD9DF80330DBB29D4205D1DE
:10B4C0005020FFF7EFFD0134E4B2CEE704EB440473
:10B4D000744B23449C78D7E00024012C66D8FFF7F6
:10B4E000E9FD251D6F4A05EB4503D118D75C4E7861
:10B4F00031463846FFF71CFEFFF7E6FD9620FFF7C2
:10B50000D5FDFFF7D7FD47F08000FFF7FBFD552085
:10B51000FFF7F8FD5520FFF7F5FD8DF80300FFF765
:10B52000D3FD9620FFF7C2FD9DF80330DBB29E42AB
:10B5300036D15020FFF7B6FDFFF7BCFD9220FFF794
:10B54000E1FD062201A91220FFF705FEFFF7BCFD71
:10B550009DF805301B021BB29DF80420134304EB39
:10B56000440206A901EB420222F80C3C9DF8073088
:10B570001B021BB29DF806100B4322F80A3C9DF8F3
:10B5800009301B021BB29DF80820134304EB440250
:10B5900006A901EB420222F8083C0134E4B29CE720
:10B5A00005EB45053F4B2B449C786DE0FFF782FD92
:10B5B00000216D20FFF7BCFDFFF786FD9620FFF709
:10B5C00075FDFFF777FDED20FFF79CFD5520FFF798
:10B5D00099FD5520FFF796FD8DF80300FFF774FDE8
:10B5E0009620FFF763FD9DF8033003F0FF04002B66
:10B5F0004DD1FFF75FFDB6217E20FFF799FDFFF7E4
:10B6000063FD5020FFF74EFDBDF90C30BDF912204F
:10B610009B1A40F2545293423BDDBDF90E30BDF906
:10B6200014209B1A40F25452934234DDBDF910307D
:10B63000BDF916209B1AB3F52A7F2EDBFFF73AFDE2
:10B640008020FFF75FFD5520FFF75CFD5520FFF7D9
:10B6500059FD8DF80300FFF737FD9620FFF726FD13
:10B66000FFF728FD8020FFF74DFD5520FFF74AFD2D
:10B670005520FFF747FD8DF80300FFF725FD9620C5
:10B68000FFF714FD00E0FF24204607B0F0BD0424BE
:10B69000FAE78024F8E78024F6E78024F4E700BF87
:10B6A00004CB000898CB000810B582B000248DF8B8
:10B6B0000740FFF713FD0DF107012046FFF740FD9E
:10B6C000FFF716FD9620FFF7F1FCFFF707FD0DF1E0
:10B6D00007012046FFF734FDFFF70AFD9620FFF72C
:10B6E000E5FCFFF7FBFCB6211420FFF721FDFFF777
:10B6F000FFFC5020FFF7D6FCFFF7F0FC0DF107012F
:10B700002046FFF71DFDFFF7F3FC9620FFF7CEFC68
:10B71000FFF7E4FC0DF107012046FFF711FDFFF7ED
:10B72000E7FC9620FFF7C2FCFFF7D8FC01213C2084
:10B73000FFF7FEFCFFF7DCFC5020FFF7B3FCFFF740
:10B74000CDFC0DF107013C20FFF7FAFCFFF7D0FC20
:10B750009620FFF7ABFC0134E4B29DF8070010F02F
:10B76000020F01D1092CEAD90A2C04D010F00400F0
:10B7700003D102B010BD4020FBE74020F9E710B52F
:10B78000FFF78EFCFFF78DFCFFF70AFE38B180242F
:10B79000FFF78AFF38B144F04000C0B210BDFFF798
:10B7A000EDFC0446F4E7FFF783FD2043C0B2F5E764
:10B7B000027843785B0943EAC203B3F5806F01DB8B
:10B7C000A3F5006307EE903AF8EEE77AB4EE007A5C
:10B7D00067EE877AB3EE077A77EE877AC1ED007A63
:10B7E0007047000010B443781B021BB20478234357
:10B7F00007EE903AF8EEE77A1C4C94ED007A67EE8B
:10B80000877AC1ED007AC3781B021BB290F802C0A0
:10B8100043EA0C0307EE903A94ED007AF8EEE77AEB
:10B8200067EE877AC1ED017A43791B021BB2047976
:10B83000234307EE903AF8EEE77A67EE877AC1ED98
:10B84000027A017AC3791B0243EA014381790B43EF
:10B8500007EE903AF8EE677A9FED057A67EE877A01
:10B86000C2ED007A5DF8044B704700BFF401002080
:10B8700000401C4243781B021BB20278134307EEC0
:10B88000903AF8EEE77A134A92ED007A67EE877AFB
:10B89000C1ED007AC3781B021BB290F802C043EAE4
:10B8A0000C0307EE903A92ED007AF8EEE77A67EE35
:10B8B000877AC1ED017A43791B021BB202791343E7
:10B8C00007EE903AF8EEE77A67EE877AC1ED027AF2
:10B8D000704700BFF0010020F0B583B006460D466A
:10B8E0001446594B93E803000090ADF80410090C7E
:10B8F0008DF8061000278DF80770FFF7DBFB92200C
:10B90000FFF700FC062269461220FFF724FCFFF730
:10B91000DBFB9DF801301B021BB29DF80020134396
:10B9200007EE903AF8EEE77A484A92ED007A67EE31
:10B93000877AC5ED007A9DF803301B021BB29DF893
:10B9400002100B4307EE903A92ED007AF8EEE77A98
:10B9500067EE877AC5ED017A9DF805301B021BB2B0
:10B960009DF80420134307EE903AF8EEE77A67EE6D
:10B97000877AC5ED027AFFF7B1FB0822694638469F
:10B98000FFF7E9FBFFF7B4FB9DF800300F2B27D042
:10B99000FFF790FBA220FFF7B5FB022269462220A9
:10B9A000FFF7D9FBFFF790FB9DF800209DF80130D1
:10B9B0005B0943EAC203B3F5806F01DBA3F50063C3
:10B9C00007EE903AF8EEE77AB4EE007A67EE877AFF
:10B9D000B3EE077A77EE877AC4ED007A03B0F0BD54
:10B9E0009DF803301B021BB29DF80220134307EEA3
:10B9F000903AF8EEE77A164A92ED007A67EE877A87
:10BA0000C6ED007A9DF805301B021BB29DF80410AC
:10BA10000B4307EE903A92ED007AF8EEE77A67EE84
:10BA2000877AC6ED017A9DF807301B021BB29DF89C
:10BA30000620134307EE903AF8EEE77A67EE877A2E
:10BA4000C6ED027AA4E700BF0CCB0008F401002089
:10BA5000F00100202DE9F047089D0C46002B4ED147
:10BA600094468C458646B2FA82F262D94AB1C2F156
:10BA70002003914020FA03F30CFA02FC194300FA68
:10BA800002FE4FEA1C471FFA8CF6B1FBF7F44FEAAF
:10BA90001E4307FB141143EA014304FB06F19942DC
:10BAA0000AD91CEB030304F1FF3080F012819942A4
:10BAB00040F20F81023C6344591A1FFA8EF3B1FB26
:10BAC000F7F007FB101143EA014300FB06F69E4224
:10BAD0000AD91CEB030300F1FF3180F0FC809E4289
:10BAE00040F2F980634402389B1B40EA0440002185
:10BAF0001DB1D3400022C5E90032BDE8F0878B427A
:10BB000005D90DB1C5E9000100210846F5E7B3FAF2
:10BB100083F1002946D1A34202D39042C0F0F080C5
:10BB2000861A64EB03030120002DE6D0C5E900630B
:10BB3000E3E7002A40F09080A1EB0C044FEA1C4898
:10BB40001FFA8CF70121B4FBF8F64FEA1E4308FBFD
:10BB5000164443EA044307FB06F0984208D91CEB5D
:10BB6000030306F1FF3402D2984200F2CD8026464C
:10BB70001C1A1FFA8EF3B4FBF8F008FB104443EADA
:10BB8000044300FB07F79F4208D91CEB030300F1B5
:10BB9000FF3402D29F4200F2B0802046DB1B40EA15
:10BBA0000640A5E7C1F120068B4022FA06F71F43A5
:10BBB00020FA06FC04FA01F343EA0C03F44000FA0D
:10BBC00001F8380C4FEA1349B4FBF0FE1FFA87FC6A
:10BBD00000FB1E4449EA04440EFB0CF9A14502FA9D
:10BBE00001F20AD93C190EF1FF3A80F08480A14598
:10BBF00040F28180AEF1020E3C44A4EB09041FFA2E
:10BC000083F9B4FBF0F300FB134449EA044403FB5B
:10BC10000CFCA44507D93C1903F1FF3067D2A445B9
:10BC200065D9023B3C4443EA0E40A0FB0293A4EBDF
:10BC30000C049C42CE469C4651D34ED055B1B8EB35
:10BC40000E0364EB0C0404FA06F6CB401E43CC4012
:10BC5000C5E90064002150E7C2F1200320FA03F196
:10BC60000CFA02FC24FA03F394400C434FEA1C48FC
:10BC700000FA02FE1FFA8CF7B3FBF8F008FB103154
:10BC8000230C43EA014300FB07F1994208D91CEB5E
:10BC9000030300F1FF362CD299422AD902386344BB
:10BCA0005B1AA4B2B3FBF8F108FB113344EA034476
:10BCB00001FB07F3A34208D91CEB040401F1FF3692
:10BCC00013D2A34211D902396444E41A41EA004173
:10BCD00039E70446F0E6084606E7C845AED2B9EBB8
:10BCE000020E63EB070C0138A8E73146EDE7034687
:10BCF00099E73046D4E7D6467FE7634402384DE7FC
:10BD00000646234608460FE7023E634430E700BF7D
:10BD1000014800F0C9B800BF407D0020014800F094
:10BD2000C5B800BF407D0020830730B547D0541E02
:10BD3000002A3ED0CAB2034601E0013C39D303F8E1
:10BD4000012B9D07F9D1032C2CD9CDB205EB05258C
:10BD50000F2C05EB054535D9A4F1100222F00F0C8C
:10BD600003F1100EE6444FEA121C1A4615605560A6
:10BD70009560D56010327245F8D10CF1010214F0D3
:10BD80000C0F03EB021204F00F0C13D0ACF1040300
:10BD900023F003030433134442F8045B9A42FBD1BB
:10BDA0000CF003042CB1C9B21C4403F8011B9C42E3
:10BDB000FBD130BD64461346002CF4D1F9E70346AD
:10BDC0001446C0E71A46A446E0E700BF154B1B68BF
:10BDD000834225D0416C70B5054681B100268C594F
:10BDE0003CB121462468284600F0DCF8002CF8D14C
:10BDF000696C0436802EF2D1284600F0D3F8A96B86
:10BE000011B1284600F0CEF8E96C11B1284600F0D7
:10BE1000C9F86B6B1BB12846BDE87040184770BD70
:10BE2000704700BF0806002038B5074D00220446C1
:10BE300008462A60F5F7C8FD431C00D038BD2B68C2
:10BE4000002BFBD0236038BD3C7D0020014B1868DF
:10BE5000704700BF0806002070B50F4B0F4DAB4276
:10BE6000A3EB050607D0B610002455F8043B0134B7
:10BE70009847A642F9D800F0F3FD094D094B5E1B27
:10BE8000AB424FEAA60606D0002455F8043B013425
:10BE90009847A642F9D870BD14CC000814CC00080D
:10BEA00014CC00081CCC0008704700BF704700BFCE
:10BEB000082802D14FF48050704708B5FFF7C6FF3D
:10BEC000162303604FF0FF3008BD00BF024B13B1D3
:10BED000024800F005B8704700000000A1C100084A
:10BEE000002301461A46184600F06EB92DE9F843C2
:10BEF000064608208946FFF7DBFFDFF8A4800546E9
:10BF00003046FFF705FFD8F808305F6827F00307D1
:10BF1000A7F11104A4EB09042C44B4FBF5F4013C93
:10BF200005FB04F4A54208DC00213046FFF77CFF46
:10BF3000D8F808303B44984205D03046FFF7EEFE73
:10BF40000020BDE8F88361423046FFF76DFF013005
:10BF50000FD0114AD8F808303F1B47F001075F6047
:10BF6000136830461B1B1360FFF7D8FE0120BDE8A5
:10BF7000F88300213046FFF757FFD8F80820831ACE
:10BF80000F2BDADD43F001035360044B02491B68B9
:10BF9000C01A0860D1E700BFD87B0020F80100205C
:10BFA0000002002000297CD02DE9F0410C4680469B
:10BFB000FFF7AEFE54F8043C764FA4F1080523F0D9
:10BFC00001016818BE684268864222F0030200F050
:10BFD0008380DE07426000EB020C33D454F8084C37
:10BFE000DCF804302D1B2144AC6807F1080C6445D3
:10BFF00003F0010364D0D5F80CE0C4F80CE0CEF8EF
:10C000000840002B00F0818041F001036B6001606B
:10C01000B1F5007F22D27868CB08012249090133AB
:10C020008A40024357F833107A6007EBC302083A9C
:10C03000C5E9021247F83350CD604046BDE8F041F3
:10C04000FFF76CBEDCF80430DB072BD541F00103B1
:10C05000B1F5007F44F8043C0160DCD3B1F5206FFA
:10C060004FEA512353D28B0903F1390003F138020F
:10C07000C300F818FB580838984203D163E09B6866
:10C08000984204D05A6822F003028A42F7D8D8684E
:10C09000C5E902308560DD604046BDE8F041FFF74C
:10C0A0003DBE7047114407F1080C836863453FD0DB
:10C0B000C268DA60936041F001036B606950A7E7E2
:10C0C000002B61D10A44D0E90213CB60996042F0A1
:10C0D00001036B60AA50B0E7DB070A4407D454F8A9
:10C0E000083CED1A1A44D5E90213CB60996042F07E
:10C0F00001036B60284BBD601B6893429DD8274BA2
:10C1000040461968FFF7F2FE97E71144CDE7142B7C
:10C1100008D9542B1FD80B0B03F16F0003F16E02EB
:10C12000C300A6E703F15C0003F15B02C300A0E7D4
:10C1300041F001033D617D61C5F808C0C5F80CC040
:10C140006B60695079E779689210012404FA02F271
:10C150000A437A609CE7B3F5AA7F06D8CB0B03F1BC
:10C16000780003F17702C30083E740F25452934210
:10C1700006D88B0C03F17D0003F17C02C30078E745
:10C180004FF47E737E2274E741F001036B6001601F
:10C1900053E700BF00020020FC010020007C0020CB
:10C1A00038B5074D074C2C1BA41005D0013C55F8A1
:10C1B000043D9847002CF9D1BDE8384000F056BC4A
:10C1C00020CC00081CCC00082DE9F8431B4D064686
:10C1D000286898460F469146FFF766FE184B1C6884
:10C1E0001CB3286865681F2D22DC4EB96B1C023514
:10C1F000636044F82570FFF759FE0020BDE8F8831E
:10C2000004EB85010123C1F88890D4F88821AB4064
:10C210001A43022EC4F88821C1F80881E6D1D4F867
:10C220008C211A43C4F88C21E0E7064C1C60D8E747
:10C23000FFF73CFE4FF0FF30E0E700BF3007002083
:10C24000487D00204C7D002038B52DED028B55EC4B
:10C25000104B00F08BF822462B4620462946B0EEC4
:10C26000408AF0EE608AF4F771FD30B900220023B5
:10C2700020462946F4F742FD30B9B0EE480AF0EE08
:10C28000680ABDEC028B38BDFFF7E0FD00220023F9
:10C290002121016010461946F4F7E8FB41EC180B28
:10C2A000B0EE480AF0EE680ABDEC028B38BD00BF64
:10C2B00008B52DED028BB0EE408A00F055F9B4EED2
:10C2C000488AF1EE10FAF0EE408A0AD6B0EE480A3B
:10C2D00000F03EF8F7EE007AB4EEE70AF1EE10FA5D
:10C2E00004DCB0EE680ABDEC028B08BDFFF7AEFDC2
:10C2F000BDEC028B034621221A600248BDE80840CB
:10C3000000F02EB874CB000800F02CBA08B52DED63
:10C31000028BB0EE408A00F023F9B4EE488AF1EEC9
:10C3200010FA06D6DFED098AB4EEE88AF1EE10FACB
:10C3300002D4BDEC028B08BDFFF788FD88EEA80A89
:10C34000BDEC028B2123036008BD00BF000000008C
:10C3500010EE103A23F0004300EE103A704700BF91
:10C360009FED010A704700BF0000C07F2DE9F84F24
:10C37000784855EC104BA84300F0A880002D2146CA
:10C380002B46224655DD2C1500F0D280C3F3130353
:10C39000E107A4F2FF3743F4801303D4D10F01EB7C
:10C3A000430352005B00002603EBD2737F10520060
:10C3B0001624B4464FF400110CEB0100984203DC44
:10C3C0001B1A01EB000C0E445B00013C03EBD27323
:10C3D0004FEA51014FEA4202EED1A04620254FF02C
:10C3E00000400AE03CD0590001EBD271013D0B4600
:10C3F0004FEA42024FEA50003ED09C4508EB000E47
:10C40000F0DABEF1000F0EEB00080CDBE146A3EB07
:10C410000C01964588BF01F1FF314900CC46A2EBE3
:10C420000E020444E0E7B8F1000FEFDB0CF1010964
:10C43000EDE725F00040204342D0002D6DD1D10A18
:10C44000153B52050029FAD0CE021C4610460B4679
:10C450006FD520254FF0FF31E840641A034395E77C
:10C46000964502D94FEA4C01BEE7BEF1000F0EEB34
:10C47000000827DB0021D2E7114312D0DFF8D8A053
:10C48000DFF8D8B0DAE90001DBE90023F3F79CFE1E
:10C49000DAE9008902460B4640464946F4F738FC83
:10C4A00010BB65087110F30701F17F5101F5001110
:10C4B00048BF45F0004501EB07532A4643EC102BDB
:10C4C000BDE8F88FB8F1000FB0DAD3E722462B466B
:10C4D00020462946F4F7A0F922462B46F3F776FECC
:10C4E00041EC100BBDE8F88FB4F1FF3FDAE9000131
:10C4F000DBE9002329D0F3F769FEDAE90089024677
:10C500000B4640464946F4F7F9FB00B3A21C04F180
:10C51000020508BF01366D08C4E720462946F3F737
:10C5200053FE02460B46F4F7A1FA41EC100BC7E7A5
:10C53000084600225B00DD02114602F10102F9D536
:10C54000C2F1200500FA02F286E70136AAE70134BB
:10C55000A7E700BF0000F07F400700203807002059
:10C56000B1EEC00A704700BF38B510EE105A25F082
:10C570000044B4F17E5F2DED048BF0EE407A00F0C4
:10C58000828079D8B4F17C5F0ED2B4F1485F80F03C
:10C5900094809FED647A30EE077AF7EE006AB4EE8D
:10C5A000E67AF1EE10FA64DCB0EE670AFFF7D0FE2F
:10C5B000F7EE007A37EEC08AB6EE007A28EE078AE8
:10C5C000DFED596A9FED597A9FED596A9FED595AEF
:10C5D000DFED595ADFED598AE8EE076A9FED587A88
:10C5E000A8EE067A9FED576AA6EE885AA7EE086A6B
:10C5F0009FED557ADFED556AE5EE085AA6EE087A0A
:10C60000E5EE886AE7EE087AE6EE888AB0EE480A38
:10C61000B0EE679AFFF7A4FF4D4B9C4268EE888A04
:10C620003CD810EE103A23F47F6323F00F0306EE9C
:10C63000903AA6EEE68A70EE267A88EE895AC8EE1F
:10C64000274A9FED447ADFED447AB0EE006AA4EE0B
:10C65000C67A30EE000AF0EE675A90EE057AE6EE02
:10C66000C65A37EE657A37EEC70A002D01DCB1EE07
:10C67000400ABDEC048B38BDBDEC048B70EE407AF3
:10C6800087EEA70A38BDBDEC048B9FED320A9FED03
:10C69000337A27EE800AA7EE870A38BD88EE896ACA
:10C6A0009FED2F7ADFED2D7AA0EE060AF0EE006AFC
:10C6B000A0EE267A37EEC70AD7E720EE007ADFED44
:10C6C0001B6A9FED196ADFED1B5A9FED195ADFEDCA
:10C6D0001A4AA7EE266ABDEC048BE6EE075ADFED98
:10C6E000186A9FED186AE7EE056AE5EE874AA6EE3E
:10C6F000876A9FED165ADFED145ADFED106AA4EE3B
:10C70000875AE6EE075AE5EE076AB7EE006AA5EE2D
:10C71000876A26EE877AC7EE066AE0EE267AB0EEE2
:10C72000670A38BDCAF24971047F4F3A08EF1138E1
:10C730002EC69D3D461124BDA80A4E3EABAA2A3EF8
:10C74000613330BF2D57014039D119C090B0A6BE1A
:10C750009999793F2EBD3BB3DB0F493FDB0FC93FB2
:10C760002EBD3B3310B582B0CDED010A019B23F005
:10C770000042B2F1FF4FF0EE407A30D810EE100ACE
:10C7800020F00041B1F1FF4F29D8B3F17E5F42D0D4
:10C790009C1704F0020444EAD07431B37AB3B2F1C6
:10C7A000FF4F40D0B1F1FF4F29D0891AB1F1F45FAA
:10C7B0004FEAE15234DA002B42DA3C3240DA9FEDA4
:10C7C000340A012C4ED0022C43D064B19FED317A53
:10C7D000DFED317A30EE070A30EE670A03E09DEDB7
:10C7E000017A37EE270A02B010BD022C10D09FED5F
:10C7F0002B7A032C08BFB0EE470A02B010BD9FEDA4
:10C80000280ADFED287A0028B8BFB0EE670AEAE709
:10C810009FED210AE7E702B0BDE8104000F04AB8FA
:10C820009FED1F0ACDE7B1F1FF4F04F1FF3420D097
:10C83000022C26D81C4B03EB840393ED000AD2E7AD
:10C840009DED017A87EE870AFFF782FD00F032F84E
:10C85000B7E79FED107ADFED107A30EE070A37EE7A
:10C86000C00AC0E710EE103A03F1004300EE103AA0
:10C87000B9E7022C08D80D4B03EB840393ED000AB3
:10C88000B1E79FED030AAEE79FED090AABE700BFF2
:10C89000000000002EBDBB33DB0F4940DB0F49C059
:10C8A000DB0FC93FDB0FC9BFD4CB0008E0CB0008CA
:10C8B000DB0F493F38B510EE105A25F00044B4F1B3
:10C8C000A14FF0EE407A0DD3B4F1FF4F5BD8DFED0E
:10C8D000517A9FED517A002DCCBFB0EE470AB0EEF1
:10C8E000670A38BD4D4B9C425CD8B4F1445F4DD3D0
:10C8F0004FF0FF3327EEA76A9FED495A9FED497A23
:10C90000DFED495ADFED494A66EE066A5A1CA6EE8B
:10C91000857AE6EEA54A9FED465ADFED465AA7EE28
:10C92000265AE4EEA65A9FED447ADFED444AA5EE7E
:10C93000267AE5EEA64A9FED425ADFED425AA7EE6F
:10C94000265A9FED417AA4EEA67AE5EE265A27EE06
:10C95000267AA5EE867A27EE877A38D03B493C4A7C
:10C9600001EB8301D1ED006A37EE667A02EB8303B7
:10C97000D3ED006A37EE677A002D36EEC70AB0DADB
:10C98000B1EE400A38BD30EE000A38BD9FED317A75
:10C9900030EE077AF7EE006AB4EEE67AF1EE10FABE
:10C9A000A6DD38BDFFF7D4FC2B4B9C4212D8A3F573
:10C9B000D0039C4223D8F0EE007ABFEE007AA0EEBE
:10C9C000277A002330EE270AC7EE007A92E737EE87
:10C9D000C70A38BD214B9C420BD8F7EE087AB7EE58
:10C9E000007AA0EE277A022330EE670AC0EE077ABB
:10C9F00080E7BFEE007AC7EE007A03237AE7F7EE0E
:10CA0000007A30EE677A30EE270A0123C7EE007A0B
:10CA100070E700BFDB0FC9BFDB0FC93FFFFFDF3E81
:10CA2000D769853C59DA4B3D21A215BD6BF16EBD2E
:10CA3000356B883D95879DBD6E2EBA3D388EE3BD22
:10CA40002549123EABAAAA3ECDCC4CBEECCB000889
:10CA5000FCCB0008CAF24971FFFF973FFFFF1B4064
:10CA6000F8B500BFF8BC08BC9E467047F8B500BFDB
:08CA7000F8BC08BC9E467047AB
:10CA780044CB00084D110008000000000000000031
:10CA880080000000000000000000000034CB000817
:10CA98009D7D00080000000000000000000200006A
:10CAA800000000000000000028CB0008B17F00084B
:10CAB800FEFF00000000000000020000000000006F
:10CAC8000000000020CB0008716E0008FDFF000088
:10CAD800000000000002000000000000000000004C
:10CAE80014CB000819810008FDFF000000000000B9
:10CAF80080000000000000000000000000000000AE
:10CB0800000000000000000000000000646574657B
:10CB180063745461736B0000696D755461736B00C5
:10CB2800436861737369735461736B0043616C6923
:10CB380062726174655461736B00000064656661BC
:10CB4800756C745461736B000000000001020304EB
:10CB580000000000000000000102030406070809A5
:10CB6800000610160006101649444C450000000047
:10CB780003050606507400203C7400200C74002045
:10CB880024740020484400474D004759524143430C
:10CB980040AC037D04014103057C00026D0D026D6C
:10CBA800090200000F000810820911000A15800B05
:10CBB80016000C18010D00007D04017C000240AB3A
:10CBC80003410005530806580407000000000080D0
:10CBD800DB0F4940DB0F49C0DB0F49BFE4CB1640F0
:10CBE800E4CB16C06937AC3168212233B40F143353
:10CBF8006821A2333863ED3EDA0F493F5E987B3FE8
:04CC0800DA0FC93F37
:08CC0C00003AFF7F0100000067
:08CC1400CDBE0008E10D00088F
:04CC1C00B90D000846
:10CC20000024F4000100000010000000AAAAAAAA33
:10CC3000000000000000803F00000000000080BFF6
:10CC400000000000000000000000000000000000E4
:10CC50000000803F000000000000803F0000000056
:10CC6000000080BF00000000000000000000000085
:10CC7000000000000000803FA2FFFFFF92FFFFFFC7
:10CC8000FFFFFFFFFF00000082FFFFFFFFFFFFFF2E
:10CC900055790008E1780008FD78000800000000E0
:10CCA000CDCCCC3D000000000000000000000000E2
:10CCB0000000000000000000000000000000000074
:10CCC0000000000000000000000000000000000064
:10CCD0000000000000000000000000000000000054
:10CCE0000000000000000000000000000000000044
:10CCF0000000000000000000000000000000000034
:10CD00000000000000000000000000000000000023
:10CD10000000000000000000000000000000000013
:10CD20000000000000000000000000000000000003
:10CD300000000000000000000000000000000000F3
:10CD400000000000000000000000000000000000E3
:10CD500000000000000000000000000000000000D3
:10CD600000000000000000000000000000000000C3
:10CD700000000000000000000000000000000000B3
:10CD800000000000000000000000000000000000A3
:10CD90000000000000000000000000000000000093
:10CDA0000000000000000000000000000000000083
:10CDB0000000000000000000000000000000000073
:10CDC0000000000000000000000000000000000063
:10CDD0000000000000000000000000000000000053
:10CDE0000000000000000000000000000000000043
:10CDF0000000000000000000000000000000000033
:10CE000000000000010000006740533A0000803F2E
:10CE100058A08B3AE7416B3AFFFFFFFF000002008A
:10CE200000000000000000000002002000020020BE
:10CE3000080200200802002010020020100200203A
:10CE400018020020180200202002002020020020EA
:10CE5000280200202802002030020020300200209A
:10CE6000380200203802002040020020400200204A
:10CE700048020020480200205002002050020020FA
:10CE800058020020580200206002002060020020AA
:10CE9000680200206802002070020020700200205A
:10CEA000780200207802002080020020800200200A
:10CEB00088020020880200209002002090020020BA
:10CEC0009802002098020020A0020020A00200206A
:10CED000A8020020A8020020B0020020B00200201A
:10CEE000B8020020B8020020C0020020C0020020CA
:10CEF000C8020020C8020020D0020020D00200207A
:10CF0000D8020020D8020020E0020020E002002029
:10CF1000E8020020E8020020F0020020F0020020D9
:10CF2000F8020020F8020020000300200003002087
:10CF30000803002008030020100300201003002035
:10CF400018030020180300202003002020030020E5
:10CF50002803002028030020300300203003002095
:10CF60003803002038030020400300204003002045
:10CF700048030020480300205003002050030020F5
:10CF800058030020580300206003002060030020A5
:10CF90006803002068030020700300207003002055
:10CFA0007803002078030020800300208003002005
:10CFB00088030020880300209003002090030020B5
:10CFC0009803002098030020A0030020A003002065
:10CFD000A8030020A8030020B0030020B003002015
:10CFE000B8030020B8030020C0030020C0030020C5
:10CFF000C8030020C8030020D0030020D003002075
:10D00000D8030020D8030020E0030020E003002024
:10D01000E8030020E8030020F0030020F0030020D4
:10D02000F8030020F8030020000400200004002082
:10D030000804002008040020100400201004002030
:10D0400018040020180400202004002020040020E0
:10D050002804002028040020300400203004002090
:10D060003804002038040020400400204004002040
:10D0700048040020480400205004002050040020F0
:10D0800058040020580400206004002060040020A0
:10D090006804002068040020700400207004002050
:10D0A0007804002078040020800400208004002000
:10D0B00088040020880400209004002090040020B0
:10D0C0009804002098040020A0040020A004002060
:10D0D000A8040020A8040020B0040020B004002010
:10D0E000B8040020B8040020C0040020C0040020C0
:10D0F000C8040020C8040020D0040020D004002070
:10D10000D8040020D8040020E0040020E00400201F
:10D11000E8040020E8040020F0040020F0040020CF
:10D12000F8040020F804002000050020000500207D
:10D13000080500200805002010050020100500202B
:10D1400018050020180500202005002020050020DB
:10D15000280500202805002030050020300500208B
:10D16000380500203805002040050020400500203B
:10D1700048050020480500205005002050050020EB
:10D18000580500205805002060050020600500209B
:10D19000680500206805002070050020700500204B
:10D1A00078050020780500208005002080050020FB
:10D1B00088050020880500209005002090050020AB
:10D1C0009805002098050020A0050020A00500205B
:10D1D000A8050020A8050020B0050020B00500200B
:10D1E000B8050020B8050020C0050020C0050020BB
:10D1F000C8050020C8050020D0050020D00500206B
:10D20000D8050020D8050020E0050020E00500201A
:10D21000E8050020E8050020F0050020F0050020CA
:10D22000F8050020F805002010060020000000008E
:10D2300000000000047C00206C7C0020D47C0020D6
:10D2400000000000000000000000000000000000DE
:10D2500000000000000000000000000000000000CE
:10D2600000000000000000000000000000000000BE
:10D2700000000000000000000000000000000000AE
:10D28000000000000000000000000000000000009E
:10D29000000000000000000000000000000000008E
:10D2A000000000000000000000000000000000007E
:10D2B000000000000000000000000000000000006E
:10D2C000000000000000000001000000000000005D
:10D2D0000E33CDAB34126DE6ECDE05000B00000022
:10D2E000000000000000000000000000000000003E
:10D2F000000000000000000000000000000000002E
:10D30000000000000000000000000000000000001D
:10D31000000000000000000000000000000000000D
:10D3200000000000000000000000000000000000FD
:10D3300000000000000000000000000000000000ED
:10D3400000000000000000000000000000000000DD
:10D35000447D00200000000059F3F8C21F6EA501B3
:08D36000000000000000F03F96
:040000050800243992
:00000001FF
